Function	ORF	Gene/Allele
Cell polarity & morphogenesis	YLR378C	sec61-2
Cell polarity & morphogenesis	YJR065C	arp3-d11a
Cell polarity & morphogenesis	YNR035C	arc35-6
Cell polarity & morphogenesis	YFL039C	act1-132
Cell polarity & morphogenesis	YLL021W	spa2
Cell polarity & morphogenesis	YFL039C	act1-120
Cell polarity & morphogenesis	YFL039C	act1-124
Cell polarity & morphogenesis	YFL039C	act1-136
Cell polarity & morphogenesis	YDR212W	tcp1-2
Cell polarity & morphogenesis	YAL041W	cdc24-1
Cell polarity & morphogenesis	YFL039C	act1-122
Cell polarity & morphogenesis	YNL138W	srv2-2
Cell polarity & morphogenesis	YLR319C	bud6
Cell polarity & morphogenesis	YKL203C	tor2-21
Cell polarity & morphogenesis	YFL039C	act1-101
Cell polarity & morphogenesis	YMR109W	myo5
Cell polarity & morphogenesis	YOR326W	myo2-14
Cell polarity & morphogenesis	YOR122C	pfy1-4
Cell polarity & morphogenesis	YIL034C	cap2
Cell polarity & morphogenesis	YFL039C	act1-155
Cell polarity & morphogenesis	YER093C	tsc11-1
Cell polarity & morphogenesis	YKL007W	cap1
Cell polarity & morphogenesis	YER149C	pea2
Cell polarity & morphogenesis	YNL138W	srv2-ts
Cell polarity & morphogenesis	YFL039C	act1-4
Cell polarity & morphogenesis	YFL039C	act1-129
Cell polarity & morphogenesis	YFL039C	act1-125
Cell polarity & morphogenesis	YOL003C	pfa4
Cell polarity & morphogenesis	YJR064W	cct5-5001
Cell polarity & morphogenesis	YAL041W	cdc24-11
Cell polarity & morphogenesis	YOR181W	las17-14
Cell polarity & morphogenesis	YIL118W	rho3-ser228
Cell polarity & morphogenesis	YER155C	bem2
Cell polarity & morphogenesis	YFL039C	act1-3
Cell polarity & morphogenesis	YIL118W	rho3-1
Cell polarity & morphogenesis	YOR122C	pfy1-14
Cell polarity & morphogenesis	YER093C	tsc11-5
Cell polarity & morphogenesis	YDR188W	cct6-18
Cell polarity & morphogenesis	YOR122C	pfy1-13
Cell polarity & morphogenesis	YBL007C	sla1
Cell polarity & morphogenesis	YDR208W	mss4-103
Cell polarity & morphogenesis	YDL029W	arp2-14
Cell polarity & morphogenesis	YDR212W	tcp1-1
Cell polarity & morphogenesis	YFL039C	act1-159
Cell polarity & morphogenesis	YFL039C	act1-119
Cell polarity & morphogenesis	YCR009C	rvs161
Cell polarity & morphogenesis	YIL062C	arc15-10
Cell polarity & morphogenesis	YBR109C	cmd1-8
Cell polarity & morphogenesis	YFL039C	act1-121
Cell polarity & morphogenesis	YLR229C	cdc42-1
Cell polarity & morphogenesis	YDR276C	pmp3
Cell polarity & morphogenesis	YGL233W	sec15-1
Cell polarity & morphogenesis	YLR166C	sec10-2
Cell polarity & morphogenesis	YPR055W	sec8-6
Cell polarity & morphogenesis	YPR055W	sec8-9
Cell polarity & morphogenesis	YJL099W	chs6
Cell polarity & morphogenesis	YHR142W	chs7
Cell polarity & morphogenesis	YBL061C	skt5
Cell polarity & morphogenesis	YBR023C	chs3
Cell polarity & morphogenesis	YBL105C	pkc1-1
Cell polarity & morphogenesis	YGR228W	ygr228w
Cell polarity & morphogenesis	YBL062W	ybl062w
Cell polarity & morphogenesis	YJL159W	hsp150
Cell polarity & morphogenesis	YGR229C	smi1
Cell polarity & morphogenesis	YMR124W	ymr124w
Cell polarity & morphogenesis	YFL005W	sec4-8
Cell polarity & morphogenesis	YBR078W	ecm33
Cell polarity & morphogenesis	YNL006W	lst8-6
Cell polarity & morphogenesis	YBR234C	arc40-5001
Cell polarity & morphogenesis	YAL041W	cdc24-5
Cell polarity & morphogenesis	YKL203C	tor2-29
Cell polarity & morphogenesis	YDR388W	rvs167
Cell polarity & morphogenesis	YOR181W	las17-13
Cell polarity & morphogenesis	YDR348C	pal1
Cell polarity & morphogenesis	YFL039C	act1-133
Cell polarity & morphogenesis	YLL050C	cof1-8
Cell polarity & morphogenesis	YOR326W	myo2-16
Cell polarity & morphogenesis	YNL271C	bni1
Cell polarity & morphogenesis	YFL039C	act1-105
Cell polarity & morphogenesis	YNR049C	mso1
Cell polarity & morphogenesis	YIR003W	aim21
Cell polarity & morphogenesis	YFL039C	act1-108
Cell polarity & morphogenesis	YLR370C	arc18
Cell polarity & morphogenesis	YPL066W	rgl1
Cell polarity & morphogenesis	YNR035C	arc35-5
Cell polarity & morphogenesis	YER093C	tsc11-7
Cell polarity & morphogenesis	YLR337C	vrp1
Cell polarity & morphogenesis	YFL039C	act1-112
Cell polarity & morphogenesis	YOR035C	she4
Cell polarity & morphogenesis	YAL041W	cdc24-h
Cell polarity & morphogenesis	YJL085W	exo70-38
Cell polarity & morphogenesis	YNL272C	sec2-41
Cell polarity & morphogenesis	YER008C	sec3-2
Cell polarity & morphogenesis	YDR164C	sec1-1
Cell polarity & morphogenesis	YIL068C	sec6-4
Cell polarity & morphogenesis	YDR166C	sec5-24
Cell polarity & morphogenesis	YJL085W	exo70-29/37
Cell polarity & morphogenesis	YJR087W	yjr087w
Cell polarity & morphogenesis	YPL232W	sso1
Cell polarity & morphogenesis	YOR327C	snc2
Cell polarity & morphogenesis	YGR009C	sec9-4
Cell polarity & morphogenesis	YNL181W	ynl181w-5001
Glycosylation, protein folding/targeting, cell wall biosynthesis	YPL120W	vps30
Glycosylation, protein folding/targeting, cell wall biosynthesis	YJL053W	pep8
Glycosylation, protein folding/targeting, cell wall biosynthesis	YLR360W	vps38
Glycosylation, protein folding/targeting, cell wall biosynthesis	YHR012W	vps29
Glycosylation, protein folding/targeting, cell wall biosynthesis	YOR068C	vam10
Glycosylation, protein folding/targeting, cell wall biosynthesis	YER136W	gdi1-1
Glycosylation, protein folding/targeting, cell wall biosynthesis	YDR086C	sss1-5001
Glycosylation, protein folding/targeting, cell wall biosynthesis	YMR239C	rnt1-ts
Glycosylation, protein folding/targeting, cell wall biosynthesis	YOL018C	tlg2
Glycosylation, protein folding/targeting, cell wall biosynthesis	YOR370C	mrs6-2
Glycosylation, protein folding/targeting, cell wall biosynthesis	YDL145C	cop1-1
Glycosylation, protein folding/targeting, cell wall biosynthesis	YBR029C	cds1-5001
Glycosylation, protein folding/targeting, cell wall biosynthesis	YGR166W	trs65
Glycosylation, protein folding/targeting, cell wall biosynthesis	YDL096C	opi6
Glycosylation, protein folding/targeting, cell wall biosynthesis	YMR200W	rot1-5001
Glycosylation, protein folding/targeting, cell wall biosynthesis	YLR459W	gab1-3
Glycosylation, protein folding/targeting, cell wall biosynthesis	YOR149C	smp3-2
Glycosylation, protein folding/targeting, cell wall biosynthesis	YDR389W	sac7
Glycosylation, protein folding/targeting, cell wall biosynthesis	YGL027C	cwh41
Glycosylation, protein folding/targeting, cell wall biosynthesis	YJR075W	hoc1
Glycosylation, protein folding/targeting, cell wall biosynthesis	YDR437W	gpi19-5001
Glycosylation, protein folding/targeting, cell wall biosynthesis	YHR188C	gpi16-5001
Glycosylation, protein folding/targeting, cell wall biosynthesis	YGL022W	stt3-7
Glycosylation, protein folding/targeting, cell wall biosynthesis	YDR331W	gpi8-ts
Glycosylation, protein folding/targeting, cell wall biosynthesis	YDR414C	erd1
Glycosylation, protein folding/targeting, cell wall biosynthesis	YBL082C	alg3
Glycosylation, protein folding/targeting, cell wall biosynthesis	YMR238W	dfg5
Glycosylation, protein folding/targeting, cell wall biosynthesis	YDR437W	gpi19-2
Glycosylation, protein folding/targeting, cell wall biosynthesis	YPL227C	alg5
Glycosylation, protein folding/targeting, cell wall biosynthesis	YLR459W	gab1-1
Glycosylation, protein folding/targeting, cell wall biosynthesis	YOR254C	sec63-1
Glycosylation, protein folding/targeting, cell wall biosynthesis	YDL095W	pmt1
Glycosylation, protein folding/targeting, cell wall biosynthesis	YJL034W	kar2-159
Glycosylation, protein folding/targeting, cell wall biosynthesis	YJR117W	ste24
Glycosylation, protein folding/targeting, cell wall biosynthesis	YGL142C	gpi10-5001
Glycosylation, protein folding/targeting, cell wall biosynthesis	YBR260C	rgd1
Glycosylation, protein folding/targeting, cell wall biosynthesis	YLR459W	gab1-2
Glycosylation, protein folding/targeting, cell wall biosynthesis	YBL040C	erd2-5001
Glycosylation, protein folding/targeting, cell wall biosynthesis	YOR067C	alg8
Glycosylation, protein folding/targeting, cell wall biosynthesis	YPL076W	gpi2-1-7b
Glycosylation, protein folding/targeting, cell wall biosynthesis	YOR103C	ost2-5001
Glycosylation, protein folding/targeting, cell wall biosynthesis	YDR434W	gpi17-5001
Glycosylation, protein folding/targeting, cell wall biosynthesis	YOR002W	alg6
Glycosylation, protein folding/targeting, cell wall biosynthesis	YGL065C	alg2-1
Glycosylation, protein folding/targeting, cell wall biosynthesis	YDR372C	vps74
Glycosylation, protein folding/targeting, cell wall biosynthesis	YBR004C	gpi18-5001
Glycosylation, protein folding/targeting, cell wall biosynthesis	YAL023C	pmt2
Glycosylation, protein folding/targeting, cell wall biosynthesis	YOR336W	kre5-ts2
Glycosylation, protein folding/targeting, cell wall biosynthesis	YMR307W	gas1
Glycosylation, protein folding/targeting, cell wall biosynthesis	YLR088W	gaa1-ts
Glycosylation, protein folding/targeting, cell wall biosynthesis	YBL083C	ybl083c
Glycosylation, protein folding/targeting, cell wall biosynthesis	YDR302W	gpi11-5001
Glycosylation, protein folding/targeting, cell wall biosynthesis	YBR070C	alg14-5001
Glycosylation, protein folding/targeting, cell wall biosynthesis	YNL038W	gpi15-5001
Glycosylation, protein folding/targeting, cell wall biosynthesis	YBR229C	rot2
Glycosylation, protein folding/targeting, cell wall biosynthesis	YGL022W	stt3-2
Glycosylation, protein folding/targeting, cell wall biosynthesis	YGL084C	gup1
Glycosylation, protein folding/targeting, cell wall biosynthesis	YJL174W	kre9-5001
Glycosylation, protein folding/targeting, cell wall biosynthesis	YGR227W	die2
Glycosylation, protein folding/targeting, cell wall biosynthesis	YML019W	ost6
Glycosylation, protein folding/targeting, cell wall biosynthesis	YFL025C	bst1
Glycosylation, protein folding/targeting, cell wall biosynthesis	YJL002C	ost1-6
Glycosylation, protein folding/targeting, cell wall biosynthesis	YGL226C-A	ost5
Glycosylation, protein folding/targeting, cell wall biosynthesis	YJL062W	las21
Glycosylation, protein folding/targeting, cell wall biosynthesis	YDR525W	api2
Glycosylation, protein folding/targeting, cell wall biosynthesis	YOR085W	ost3
Glycosylation, protein folding/targeting, cell wall biosynthesis	YJL091C	gwt1-20
Glycosylation, protein folding/targeting, cell wall biosynthesis	YCR017C	cwh43
Glycosylation, protein folding/targeting, cell wall biosynthesis	YPL076W	gpi2-774
Glycosylation, protein folding/targeting, cell wall biosynthesis	YPL094C	sec62-ts
Glycosylation, protein folding/targeting, cell wall biosynthesis	YBR015C	mnn2
Glycosylation, protein folding/targeting, cell wall biosynthesis	YDR331W	gpi8-5001
Glycosylation, protein folding/targeting, cell wall biosynthesis	YMR214W	scj1
Glycosylation, protein folding/targeting, cell wall biosynthesis	YAL058W	cne1
Glycosylation, protein folding/targeting, cell wall biosynthesis	YLR087C	csf1
Glycosylation, protein folding/targeting, cell wall biosynthesis	YLR111W	ylr111w
Glycosylation, protein folding/targeting, cell wall biosynthesis	YLR110C	ccw12
Glycosylation, protein folding/targeting, cell wall biosynthesis	YBL105C	pkc1-2
Glycosylation, protein folding/targeting, cell wall biosynthesis	YBL105C	pkc1-4
Glycosylation, protein folding/targeting, cell wall biosynthesis	YBL105C	pkc1-3
Glycosylation, protein folding/targeting, cell wall biosynthesis	YDL203C	ack1
Glycosylation, protein folding/targeting, cell wall biosynthesis	YLR332W	mid2
Glycosylation, protein folding/targeting, cell wall biosynthesis	YJL095W	bck1
Glycosylation, protein folding/targeting, cell wall biosynthesis	YGR196C	fyv8
Glycosylation, protein folding/targeting, cell wall biosynthesis	YHR030C	slt2
Glycosylation, protein folding/targeting, cell wall biosynthesis	YPL089C	rlm1
Glycosylation, protein folding/targeting, cell wall biosynthesis	YGR217W	cch1
Glycosylation, protein folding/targeting, cell wall biosynthesis	YKL190W	cnb1
Glycosylation, protein folding/targeting, cell wall biosynthesis	YIR006C	pan1-4
Glycosylation, protein folding/targeting, cell wall biosynthesis	YLR066W	spc3-4
Glycosylation, protein folding/targeting, cell wall biosynthesis	YML130C	ero1-1
Glycosylation, protein folding/targeting, cell wall biosynthesis	YMR052W	far3
Glycosylation, protein folding/targeting, cell wall biosynthesis	YMR264W	cue1
Glycosylation, protein folding/targeting, cell wall biosynthesis	YML097C	vps9
Glycosylation, protein folding/targeting, cell wall biosynthesis	YDR456W	nhx1
Glycosylation, protein folding/targeting, cell wall biosynthesis	YGL095C	vps45
Glycosylation, protein folding/targeting, cell wall biosynthesis	YAL002W	vps8
Glycosylation, protein folding/targeting, cell wall biosynthesis	YOR069W	vps5
Glycosylation, protein folding/targeting, cell wall biosynthesis	YDL193W	nus1-5001
Glycosylation, protein folding/targeting, cell wall biosynthesis	YIR022W	sec11-2
Glycosylation, protein folding/targeting, cell wall biosynthesis	YDR373W	frq1-1
Glycosylation, protein folding/targeting, cell wall biosynthesis	YDR245W	mnn10
Glycosylation, protein folding/targeting, cell wall biosynthesis	YDR437W	gpi19-2xh
Glycosylation, protein folding/targeting, cell wall biosynthesis	YMR218C	trs130-5003
Glycosylation, protein folding/targeting, cell wall biosynthesis	YOR149C	smp3-1
Glycosylation, protein folding/targeting, cell wall biosynthesis	YMR149W	swp1-5004
Glycosylation, protein folding/targeting, cell wall biosynthesis	YPL028W	erg10-1
Glycosylation, protein folding/targeting, cell wall biosynthesis	YGL047W	alg13-5001
Glycosylation, protein folding/targeting, cell wall biosynthesis	YLR100W	erg27-5001
Glycosylation, protein folding/targeting, cell wall biosynthesis	YJL183W	mnn11
Glycosylation, protein folding/targeting, cell wall biosynthesis	YLR242C	arv1
Glycosylation, protein folding/targeting, cell wall biosynthesis	YNR030W	alg12
Glycosylation, protein folding/targeting, cell wall biosynthesis	YNL322C	kre1
Glycosylation, protein folding/targeting, cell wall biosynthesis	YJR073C	opi3
Glycosylation, protein folding/targeting, cell wall biosynthesis	YDR162C	nbp2
Glycosylation, protein folding/targeting, cell wall biosynthesis	YDR292C	srp101-47
Glycosylation, protein folding/targeting, cell wall biosynthesis	YEL036C	anp1
Glycosylation, protein folding/targeting, cell wall biosynthesis	YMR013C	sec59-ts
Glycosylation, protein folding/targeting, cell wall biosynthesis	YAL053W	flc2
Glycosylation, protein folding/targeting, cell wall biosynthesis	YAL058C-A	yal058c-a
Glycosylation, protein folding/targeting, cell wall biosynthesis	YEL031W	spf1
Glycosylation, protein folding/targeting, cell wall biosynthesis	YDR320C	swa2
Glycosylation, protein folding/targeting, cell wall biosynthesis	YLL031C	gpi13-4
Glycosylation, protein folding/targeting, cell wall biosynthesis	YFL032W	yfl032w
Glycosylation, protein folding/targeting, cell wall biosynthesis	YMR239C	rnt1-47
Glycosylation, protein folding/targeting, cell wall biosynthesis	YLL031C	gpi13-5
Glycosylation, protein folding/targeting, cell wall biosynthesis	YER003C	pmi40-5001
Glycosylation, protein folding/targeting, cell wall biosynthesis	YHR101C	big1-5001
Glycosylation, protein folding/targeting, cell wall biosynthesis	YOL102C	tpt1-5001
Glycosylation, protein folding/targeting, cell wall biosynthesis	YPL096C-A	eri1
Glycosylation, protein folding/targeting, cell wall biosynthesis	YNL158W	pga1-5001
Glycosylation, protein folding/targeting, cell wall biosynthesis	YER087C-A	yer087c-a
Glycosylation, protein folding/targeting, cell wall biosynthesis	YEL042W	gda1
Glycosylation, protein folding/targeting, cell wall biosynthesis	YDR310C	sum1
Glycosylation, protein folding/targeting, cell wall biosynthesis	YJL139C	yur1
Glycosylation, protein folding/targeting, cell wall biosynthesis	YNL219C	alg9
Glycosylation, protein folding/targeting, cell wall biosynthesis	YFL031W	hac1
Glycosylation, protein folding/targeting, cell wall biosynthesis	YBR109C	cmd1-3
Glycosylation, protein folding/targeting, cell wall biosynthesis	YGR036C	cax4
Glycosylation, protein folding/targeting, cell wall biosynthesis	YML115C	van1
Glycosylation, protein folding/targeting, cell wall biosynthesis	YGL012W	erg4
Glycosylation, protein folding/targeting, cell wall biosynthesis	YEL002C	wbp1-1
Glycosylation, protein folding/targeting, cell wall biosynthesis	YJR143C	pmt4
Glycosylation, protein folding/targeting, cell wall biosynthesis	YEL002C	wbp1-2
Glycosylation, protein folding/targeting, cell wall biosynthesis	YPR183W	dpm1-6
Glycosylation, protein folding/targeting, cell wall biosynthesis	YML012W	erv25
Glycosylation, protein folding/targeting, cell wall biosynthesis	YER140W	emp65
Glycosylation, protein folding/targeting, cell wall biosynthesis	YBR171W	sec66
Glycosylation, protein folding/targeting, cell wall biosynthesis	YGL200C	emp24
Glycosylation, protein folding/targeting, cell wall biosynthesis	YML055W	spc2
Glycosylation, protein folding/targeting, cell wall biosynthesis	YHR079C	ire1
Glycosylation, protein folding/targeting, cell wall biosynthesis	YLR292C	sec72
Glycosylation, protein folding/targeting, cell wall biosynthesis	YBR200W	bem1
Glycosylation, protein folding/targeting, cell wall biosynthesis	YLR371W	rom2
Glycosylation, protein folding/targeting, cell wall biosynthesis	YDL006W	ptc1
Glycosylation, protein folding/targeting, cell wall biosynthesis	YBR126C	tps1
Glycosylation, protein folding/targeting, cell wall biosynthesis	YKL127W	pgm1
Glycosylation, protein folding/targeting, cell wall biosynthesis	YBR011C	ipp1-5001
Glycosylation, protein folding/targeting, cell wall biosynthesis	YDR524C-B	ydr524c-b
Glycosylation, protein folding/targeting, cell wall biosynthesis	YHR078W	yhr078w
Ribosome biogenesis	YHL033C	rpl8a
Ribosome biogenesis	YGL031C	rpl24a
Ribosome biogenesis	YOR167C	rps28a
Ribosome biogenesis	YIL133C	rpl16a
Ribosome biogenesis	YFR032C-A	rpl29
Ribosome biogenesis	YDL130W	rpp1b
Ribosome biogenesis	YLR264W	rps28b
Ribosome biogenesis	YGR118W	rps23a
Ribosome biogenesis	YKR057W	rps21a
Ribosome biogenesis	YHR203C	rps4b
Ribosome biogenesis	YBR048W	rps11b
Ribosome biogenesis	YMR143W	rps16a
Ribosome biogenesis	YJL177W	rpl17b
Ribosome biogenesis	YJR094W-A	rpl43b
Ribosome biogenesis	YMR230W	rps10b
Ribosome biogenesis	YNL067W	rpl9b
Ribosome biogenesis	YNL096C	rps7b
Ribosome biogenesis	YGR214W	rps0a
Ribosome biogenesis	YBR181C	rps6b
Ribosome biogenesis	YCR031C	rps14a
Ribosome biogenesis	YOR294W	rrs1-124
Ribosome biogenesis	YDL136W	rpl35b
Ribosome biogenesis	YBL087C	rpl23a
Ribosome biogenesis	YDL083C	rps16b
Ribosome biogenesis	YGR085C	rpl11b
Ribosome biogenesis	YDL062W	ydl062w
Ribosome biogenesis	YBR084C-A	rpl19a
Ribosome biogenesis	YGL105W	arc1
Ribosome biogenesis	YDL063C	syo1
Ribosome biogenesis	YEL054C	rpl12a
Ribosome biogenesis	YBR267W	rei1
Ribosome biogenesis	YML073C	rpl6a
Ribosome biogenesis	YGL147C	rpl9a
Ribosome biogenesis	YDR500C	rpl37b
Ribosome biogenesis	YML024W	rps17a
Ribosome biogenesis	YML063W	rps1b
Ribosome biogenesis	YLR061W	rpl22a
Ribosome biogenesis	YML026C	rps18b
Ribosome biogenesis	YNL302C	rps19b
Ribosome biogenesis	YOR182C	rps30b
Ribosome biogenesis	YMR194W	rpl36a
Ribosome biogenesis	YDR447C	rps17b
Ribosome biogenesis	YPL090C	rps6a
Ribosome biogenesis	YJL190C	rps22a
Ribosome biogenesis	YNL163C	ria1-ts
Ribosome biogenesis	YOL121C	rps19a
Ribosome biogenesis	YDR471W	rpl27b
Ribosome biogenesis	YPL239W	yar1
Ribosome biogenesis	YLR185W	rpl37a
Ribosome biogenesis	YBL072C	rps8a
Ribosome biogenesis	YER102W	rps8b
Ribosome biogenesis	YIL069C	rps24b
Ribosome biogenesis	YLR448W	rpl6b
Ribosome biogenesis	YLR388W	rps29a
Ribosome biogenesis	YOR312C	rpl20b
Ribosome biogenesis	YLR291C	gcd7-5001
Ribosome biogenesis	YDR382W	rpp2b
Ribosome biogenesis	YPR016C	tif6-ts4
Ribosome biogenesis	YDL061C	rps29b
Ribosome biogenesis	YLR048W	rps0b
Ribosome biogenesis	YER131W	rps26b
Ribosome biogenesis	YIL110W	hpm1
Ribosome biogenesis	YLR441C	rps1a
Ribosome biogenesis	YOR293W	rps10a
Ribosome biogenesis	YLR287C-A	rps30a
Ribosome biogenesis	YPL079W	rpl21b
Ribosome biogenesis	YLR366W	ylr366w
Ribosome biogenesis	YOR183W	fyv12
Ribosome biogenesis	YNL067W-B	ynl067w-b
Ribosome biogenesis	YEL055C	pol5-1
Ribosome biogenesis	YEL055C	pol5-3
Ribosome biogenesis	YDL159W-A	ydl159w-a
Ribosome biogenesis	YML108W	yml108w
Ribosome biogenesis	YLR264C-A	ylr264c-a
Protein degradation/turnover	YHR166C	cdc23-4
Protein degradation/turnover	YOR249C	apc5-ca
Protein degradation/turnover	YMR067C	ubx4
Protein degradation/turnover	YER094C	pup3-5001
Protein degradation/turnover	YDL126C	cdc48-9
Protein degradation/turnover	YDL126C	cdc48-2
Protein degradation/turnover	YDL097C	rpn6-5001
Protein degradation/turnover	YPR103W	pre2-127
Protein degradation/turnover	YOL038W	pre6-5001
Protein degradation/turnover	YOR259C	rpt4-150
Protein degradation/turnover	YPR108W	rpn7-3
Protein degradation/turnover	YDL097C	rpn6-1
Protein degradation/turnover	YOR157C	pup1-1
Protein degradation/turnover	YGL048C	rpt6-25
Protein degradation/turnover	YHR200W	rpn10
Protein degradation/turnover	YGR135W	pre9
Protein degradation/turnover	YFR004W	rpn11-14
Protein degradation/turnover	YHR027C	rpn1-821
Protein degradation/turnover	YFR050C	pre4-5001
Protein degradation/turnover	YLR021W	irc25
Protein degradation/turnover	YBL041W	pre7-5001
Protein degradation/turnover	YPR103W	pre2-2
Protein degradation/turnover	YGL048C	rpt6-20
Protein degradation/turnover	YDL020C	rpn4
Protein degradation/turnover	YPL144W	poc4
Protein degradation/turnover	YGL011C	scl1-5001
Protein degradation/turnover	YLR199C	pba1
Protein degradation/turnover	YKL145W	rpt1-1
Protein degradation/turnover	YPR103W	pre2-75
Protein degradation/turnover	YFR052W	rpn12-1
Protein degradation/turnover	YDR394W	rpt3-1
Protein degradation/turnover	YDL147W	rpn5-1
Protein degradation/turnover	YFR004W	rpn11-8
Protein degradation/turnover	YOR362C	pre10-5001
Protein degradation/turnover	YOR259C	rpt4-145
Protein degradation/turnover	YBR134W	ybr134w
Protein degradation/turnover	YML033W	yml033w
Protein degradation/turnover	YFR036W	cdc26-1
Protein degradation/turnover	YDR117C	tma64
Protein degradation/turnover	YLR127C	apc2-8
Protein degradation/turnover	YDL007W	rpt2-rf
Protein degradation/turnover	YFR010W	ubp6
Protein degradation/turnover	YBR173C	ump1
Protein degradation/turnover	YGR253C	pup2-5001
Protein degradation/turnover	YBR082C	ubc4
Protein degradation/turnover	YDL126C	cdc48-3
Protein degradation/turnover	YDR054C	cdc34-1
Protein degradation/turnover	YPR103W	pre2-1
Protein degradation/turnover	YDL126C	cdc48-1
Protein degradation/turnover	YOL013C	hrd1
Protein degradation/turnover	YGL048C	rpt6-1
Protein degradation/turnover	YGL141W	hul5
Protein degradation/turnover	YKL213C	doa1
Protein degradation/turnover	YDL147W	rpn5-5001
Protein degradation/turnover	YPR103W	pre2-v214a
Protein degradation/turnover	YDR363W-A	sem1
Protein degradation/turnover	YMR060C	sam37
Protein degradation/turnover	YGL097W	srm1-g282s
Protein degradation/turnover	YDR335W	msn5
Cytokinesis	YJR076C	cdc11-4
Cytokinesis	YJR076C	cdc11-5
Cytokinesis	YCR002C	cdc10-4
Cytokinesis	YCR002C	cdc10-1
Cytokinesis	YLR314C	cdc3-1
Cytokinesis	YHR107C	cdc12-1
Cytokinesis	YJR076C	cdc11-1
Cytokinesis	YLR314C	cdc3-3
Cytokinesis	YJR076C	cdc11-3
Cytokinesis	YJR076C	cdc11-2
Cytokinesis	YCR002C	cdc10-2
Cytokinesis	YHR107C	cdc12-td
Cytokinesis	YIL141W	yil141w
Nuclear-cytoplasmic transport	YGL092W	nup145-r4
Nuclear-cytoplasmic transport	YLR347C	kap95-e126k
Nuclear-cytoplasmic transport	YLR293C	gsp1-p162l
Nuclear-cytoplasmic transport	YNL140C	ynl140c
Nuclear-cytoplasmic transport	YHR167W	thp2
Nuclear-cytoplasmic transport	YJL039C	nup192-15
Nuclear-cytoplasmic transport	YLR018C	pom34
Nuclear-cytoplasmic transport	YHR036W	brl1-3231
Nuclear-cytoplasmic transport	YLR335W	nup2
Nuclear-cytoplasmic transport	YDL088C	asm4
Nuclear-cytoplasmic transport	YDR002W	yrb1-51
Nuclear-cytoplasmic transport	YAR002W	nup60
Nuclear-cytoplasmic transport	YKR082W	nup133
Nuclear-cytoplasmic transport	YHR036W	brl1-k405i
Nuclear-cytoplasmic transport	YMR153C-A	ymr153c-a
Nuclear-cytoplasmic transport	YHR036W	brl1-c371s
Nuclear-cytoplasmic transport	YML103C	nup188
Nuclear-cytoplasmic transport	YIL115C	nup159-1
Nuclear-cytoplasmic transport	YMR235C	rna1-s116f
Nuclear-cytoplasmic transport	YJR042W	nup85-5001
Nuclear-cytoplasmic transport	YMR153W	nup53
Nuclear-cytoplasmic transport	YKL069W	ykl069w
Nuclear-cytoplasmic transport	YGL238W	cse1-5002
Nuclear-cytoplasmic transport	YER105C	nup157
Nuclear-cytoplasmic transport	YMR129W	pom152
Nuclear-cytoplasmic transport	YER009W	ntf2-h104y
Nuclear-cytoplasmic transport	YDR192C	nup42
Nuclear-cytoplasmic transport	YGR119C	nup57-e17
Nuclear-cytoplasmic transport	YJR074W	mog1
Nuclear-cytoplasmic transport	YOR046C	dbp5-1
Nuclear-cytoplasmic transport	YGR081C	slx9
Nuclear-cytoplasmic transport	YBL079W	nup170
Nuclear-cytoplasmic transport	YER107C	gle2
Nuclear-cytoplasmic transport	YER009W	ntf2-5001
Nuclear-cytoplasmic transport	YDL084W	sub2-1
Nuclear-cytoplasmic transport	YGL097W	srm1-ts
Nuclear-cytoplasmic transport	YJL061W	nup82-5004
Nuclear-cytoplasmic transport	YDR159W	sac3
Nuclear-cytoplasmic transport	YER165W	pab1-5002
MVB sorting and pH depending signaling	YMR154C	rim13
MVB sorting and pH depending signaling	YMR063W	rim9
MVB sorting and pH depending signaling	YGL045W	rim8
MVB sorting and pH depending signaling	YOR275C	rim20
MVB sorting and pH depending signaling	YPL065W	vps28
MVB sorting and pH depending signaling	YCL008C	stp22
MVB sorting and pH depending signaling	YLR119W	srn2
MVB sorting and pH depending signaling	YLR396C	vps33
MVB sorting and pH depending signaling	YOR030W	dfg16
MVB sorting and pH depending signaling	YNL294C	rim21
MVB sorting and pH depending signaling	YKL002W	did4
MVB sorting and pH depending signaling	YHL027W	rim101
MVB sorting and pH depending signaling	YMR077C	vps20
MVB sorting and pH depending signaling	YPR173C	vps4
MVB sorting and pH depending signaling	YNR006W	vps27
MVB sorting and pH depending signaling	YKL041W	vps24
MVB sorting and pH depending signaling	YJR102C	vps25
MVB sorting and pH depending signaling	YLR417W	vps36
MVB sorting and pH depending signaling	YGR122W	ygr122w
MVB sorting and pH depending signaling	YPL045W	vps16
MVB sorting and pH depending signaling	YDR495C	vps3
mRNA & tRNA processing	YML046W	prp39-1
mRNA & tRNA processing	YMR268C	prp24-ts
mRNA & tRNA processing	YLR117C	clf1-1
mRNA & tRNA processing	YPR094W	rds3-1
mRNA & tRNA processing	YFR005C	sad1-1
mRNA & tRNA processing	YLR298C	yhc1-1
mRNA & tRNA processing	YBR064W	ybr064w
mRNA & tRNA processing	YHR086W	nam8
mRNA & tRNA processing	YOR308C	snu66
mRNA & tRNA processing	YDL087C	luc7-1
mRNA & tRNA processing	YDR473C	prp3-1
mRNA & tRNA processing	YDL030W	prp9-1
mRNA & tRNA processing	YPR178W	prp4-ts
mRNA & tRNA processing	YDR243C	prp28-101
mRNA & tRNA processing	YKL173W	snu114-40
mRNA & tRNA processing	YIR005W	ist3
mRNA & tRNA processing	YGL174W	bud13
mRNA & tRNA processing	YBR237W	prp5-1
mRNA & tRNA processing	YKL074C	mud2
mRNA & tRNA processing	YNL147W	lsm7
mRNA & tRNA processing	YDR482C	cwc21
mRNA & tRNA processing	YJL203W	prp21-ts
mRNA & tRNA processing	YBL074C	aar2-5001
mRNA & tRNA processing	YKL173W	snu114-60
mRNA & tRNA processing	YBL026W	lsm2-5001
mRNA & tRNA processing	YML049C	rse1-1
mRNA & tRNA processing	YBR188C	ntc20
mRNA & tRNA processing	YGL120C	prp43-ts2
mRNA & tRNA processing	YLR298C	yhc1-8
mRNA & tRNA processing	YLR016C	pml1
mRNA & tRNA processing	YPR057W	brr1
mRNA & tRNA processing	YDL043C	prp11-ts
mRNA & tRNA processing	YMR213W	cef1-13
mRNA & tRNA processing	YDR378C	lsm6
mRNA & tRNA processing	YGR013W	snu71-5001
mRNA & tRNA processing	YBR119W	mud1
mRNA & tRNA processing	YDR416W	syf1-5001
mRNA & tRNA processing	YGR129W	syf2
mRNA & tRNA processing	YJR050W	isy1
mRNA & tRNA processing	YNR004W	swm2
mRNA & tRNA processing	YGR006W	prp18-ts
mRNA & tRNA processing	YPL178W	cbc2
mRNA & tRNA processing	YGR091W	prp31-ts
mRNA & tRNA processing	YDR240C	snu56-5001
mRNA & tRNA processing	YDL098C	snu23-5001
mRNA & tRNA processing	YNR011C	prp2-1
mRNA & tRNA processing	YNR032C-A	hub1
mRNA & tRNA processing	YGR006W	prp18-1202
mRNA & tRNA processing	YGR075C	prp38-1
mRNA & tRNA processing	YDR235W	prp42-5001
mRNA & tRNA processing	YHR156C	lin1
mRNA & tRNA processing	YBR055C	prp6-1
mRNA & tRNA processing	YPR101W	snt309
mRNA & tRNA processing	YER013W	prp22-1
mRNA & tRNA processing	YLR323C	cwc24-5004
mRNA & tRNA processing	YPR152C	urn1
mRNA & tRNA processing	YLR298C	yhc1-2
mRNA & tRNA processing	YDR088C	slu7-ts1
mRNA & tRNA processing	YMR240C	cus1-3
mRNA & tRNA processing	YKR086W	prp16-2
mRNA & tRNA processing	YKL095W	yju2-5001
mRNA & tRNA processing	YBR152W	spp381-5001
mRNA & tRNA processing	YPL151C	prp46-5001
mRNA & tRNA processing	YLR116W	msl5-5001
mRNA & tRNA processing	YLR323C	cwc24-5018
mRNA & tRNA processing	YGR091W	prp31-1
mRNA & tRNA processing	YDR088C	slu7-ts2
mRNA & tRNA processing	YPL213W	lea1
mRNA & tRNA processing	YHR062C	rpp1-5003
mRNA & tRNA processing	YPL157W	tgs1
mRNA & tRNA processing	YBR055C	prp6-ts
mRNA & tRNA processing	YDL051W	lhp1
mRNA & tRNA processing	YLR116W	msl5-9
mRNA & tRNA processing	YGR278W	cwc22-5001
mRNA & tRNA processing	YPR178W	prp4-1
mRNA & tRNA processing	YPL064C	cwc27
mRNA & tRNA processing	YDL050C	ydl050c
mRNA & tRNA processing	YGR047C	tfc4-5001
mRNA & tRNA processing	YJL011C	rpc17-5001
mRNA & tRNA processing	YBR167C	pop7-5001
mRNA & tRNA processing	YPR190C	rpc82-5001
mRNA & tRNA processing	YNR003C	rpc34-1
mRNA & tRNA processing	YDR045C	rpc11-5001
mRNA & tRNA processing	YDL150W	rpc53-5001
mRNA & tRNA processing	YBR123C	tfc1-e447k
mRNA & tRNA processing	YOR116C	rpo31-698
mRNA & tRNA processing	YPL007C	tfc8-5001
mRNA & tRNA processing	YGL245W	gus1-5001
mRNA & tRNA processing	YHR157W	rec104
mRNA & tRNA processing	YOR224C	rpb8-5001
mRNA & tRNA processing	YOR341W	rpa190-1
mRNA & tRNA processing	YPL164C	mlh3
mRNA & tRNA processing	YLR259C	hsp60-5005
mRNA & tRNA processing	YDR450W	rps18a
mRNA & tRNA processing	YDL060W	tsr1-5004
mRNA & tRNA processing	YGR276C	rnh70
tRNA wobble modification	YOR251C	tum1
tRNA wobble modification	YLR384C	iki3
tRNA wobble modification	YHR111W	uba4
tRNA wobble modification	YPL102C	ypl102c
tRNA wobble modification	YPL101W	elp4
tRNA wobble modification	YNL119W	ncs2
tRNA wobble modification	YIL008W	urm1
tRNA wobble modification	YMR312W	elp6
tRNA wobble modification	YPL086C	elp3
tRNA wobble modification	YGR200C	elp2
tRNA wobble modification	YKL110C	kti12
tRNA wobble modification	YGL211W	ncs6
tRNA wobble modification	YNL120C	ynl120c
tRNA wobble modification	YAL020C	ats1
tRNA wobble modification	YHR187W	iki1
tRNA wobble modification	YPL204W	hrr25-5001
Peroxisome	YOL044W	pex15
Peroxisome	YDR244W	pex5
Peroxisome	YDL065C	pex19
Peroxisome	YKL197C	pex1
Peroxisome	YMR026C	pex12
Peroxisome	YLR191W	pex13
Peroxisome	YGL153W	pex14
Peroxisome	YDR329C	pex3
Peroxisome	YAL055W	pex22
Peroxisome	YGR077C	pex8
Peroxisome	YDR265W	pex10
Peroxisome	YGR133W	pex4
Peroxisome	YJL210W	pex2
Peroxisome	YGL152C	ygl152c
Peroxisome	YJL211C	yjl211c
Peroxisome	YMR204C	inp1
Peroxisome	YNL329C	pex6
Peroxisome	YPL112C	pex25
Peroxisome	YGR263C	say1
Peroxisome	YGR286C	bio2
Peroxisome	YBR169C	sse2
Peroxisome	YDR313C	pib1
Peroxisome	YMR071C	tvp18
Peroxisome	YEL049W	pau2
Metabolism	YKL055C	oar1
Metabolism	YBR026C	etr1
Metabolism	YOR221C	mct1
Metabolism	YHR067W	htd2
Metabolism	YER061C	cem1
Metabolism	YLR239C	lip2
Metabolism	YJL046W	aim22
Metabolism	YHR002W	leu5
Metabolism	YMR207C	hfa1
Metabolism	YER178W	pda1
Metabolism	YDR148C	kgd2
DNA replication & repair	YPL194W	ddc1
DNA replication & repair	YJL072C	psf2-5001
DNA replication & repair	YDL102W	cdc2-2
DNA replication & repair	YDR489W	sld5-5001
DNA replication & repair	YBR098W	mms4
DNA replication & repair	YDL102W	cdc2-1
DNA replication & repair	YLR103C	cdc45-27
DNA replication & repair	YDR076W	rad55
DNA replication & repair	YER173W	rad24
DNA replication & repair	YDR052C	dbf4-ts
DNA replication & repair	YOR025W	hst3
DNA replication & repair	YGL113W	sld3-5001
DNA replication & repair	YLR135W	slx4
DNA replication & repair	YNL102W	pol1-2
DNA replication & repair	YOR368W	rad17
DNA replication & repair	YER095W	rad51
DNA replication & repair	YDR217C	rad9
DNA replication & repair	YBL035C	pol12-ts
DNA replication & repair	YNL102W	pol1-1
DNA replication & repair	YJR046W	tah11-ts
DNA replication & repair	YDR386W	mus81
DNA replication & repair	YNL102W	pol1-13
DNA replication & repair	YBR060C	orc2-4
DNA replication & repair	YDR013W	psf1-1
DNA replication & repair	YML032C	rad52
DNA replication & repair	YBR228W	slx1
DNA replication & repair	YBL023C	mcm2-1
DNA replication & repair	YDR052C	dbf4-1
DNA replication & repair	YDR363W	esc2
DNA replication & repair	YKL045W	pri2-1
DNA replication & repair	YJL115W	asf1
DNA replication & repair	YKL113C	rad27
DNA replication & repair	YDL017W	cdc7-1
DNA replication & repair	YDL102W	cdc2-7
DNA replication & repair	YDL105W	nse4-ts3
DNA replication & repair	YLR007W	nse1-16
DNA replication & repair	YDL105W	nse4-ts2
DNA replication & repair	YDL105W	nse4-ts1
DNA replication & repair	YDR288W	nse3-ts4
DNA replication & repair	YDL105W	nse4-ts4
DNA replication & repair	YDR510W	smt3-331
DNA replication & repair	YPL020C	ulp1-333
DNA replication & repair	YDL064W	ubc9-2
DNA replication & repair	YBR060C	orc2-1
DNA replication & repair	YFL009W	cdc4-2
DNA replication & repair	YDR004W	rad57
DNA replication & repair	YGL163C	rad54
DNA replication & repair	YNL218W	mgs1
DNA replication & repair	YDR082W	stn1-13
DNA replication & repair	YBR278W	dpb3
DNA replication & repair	YPL024W	rmi1
DNA replication & repair	YNL102W	pol1-17
DNA replication & repair	YJR006W	pol31-5001
DNA replication & repair	YOL094C	rfc4-20
DNA replication & repair	YPR019W	mcm4-5001
DNA replication & repair	YOR080W	dia2
DNA replication & repair	YEL032W	mcm3-1
DNA replication & repair	YER116C	slx8
DNA replication & repair	YJR006W	hys2-ts
DNA replication & repair	YLR288C	mec3
DNA replication & repair	YIL150C	mcm10-1
DNA replication & repair	YNL250W	rad50
DNA replication & repair	YLR383W	smc6-9
DNA replication & repair	YGL175C	sae2
DNA replication & repair	YHR031C	rrm3
DNA replication & repair	YJR057W	cdc8-1
DNA replication & repair	YNL312W	rfa2-ph
DNA replication & repair	YBR277C	ybr277c
DNA replication & repair	YER038C	kre29-ts2
DNA replication & repair	YNL102W	pol1-ts
DNA replication & repair	YMR224C	mre11
DNA replication & repair	YDR121W	dpb4
DNA replication & repair	YLR154C	rnh203
DNA replication & repair	YDR279W	rnh202
DNA replication & repair	YPR164W	mms1
DNA replication & repair	YLL002W	rtt109
DNA replication & repair	YPR056W	tfb4-5001
DNA replication & repair	YNL072W	rnh201
DNA replication & repair	YNL262W	pol2-12
DNA replication & repair	YNL240C	nar1-5001
DNA replication & repair	YPR048W	tah18-5003
DNA replication & repair	YHR122W	cia2-5001
DNA replication & repair	YML023C	nse5-ts3
DNA replication & repair	YML023C	nse5-ts2
DNA replication & repair	YOL034W	smc5-6
DNA replication & repair	YEL019C	mms21-1
DNA replication & repair	YDL105W	nse4-5001
DNA replication & repair	YML023C	nse5-ts4
DNA replication & repair	YDR288W	nse3-ts3
DNA replication & repair	YDL162C	ydl162c
DNA replication & repair	YDR510W	smt3aiir
DNA replication & repair	YDR409W	siz1
DNA replication & repair	YML066C	sma2
DNA replication & repair	YDR225W	hta1
DNA replication & repair	YGR270W	yta7
Vesicle traffic	YJL154C	vps35
Vesicle traffic	YMR004W	mvp1
Vesicle traffic	YJL024C	aps3
Vesicle traffic	YOR132W	vps17
Vesicle traffic	YLL040C	vps13
Vesicle traffic	YBR288C	apm3
Vesicle traffic	YGR261C	apl6
Vesicle traffic	YOR216C	rud3
Vesicle traffic	YMR292W	got1
Vesicle traffic	YDR108W	trs85
Vesicle traffic	YER084W	yer084w
Vesicle traffic	YOL111C	mdy2
Vesicle traffic	YDL100C	get3
Vesicle traffic	YER083C	get2
Vesicle traffic	YLR268W	sec22-1
Vesicle traffic	YLR269C	ylr269c
Vesicle traffic	YGL054C	erv14
Vesicle traffic	YGL020C	get1
Vesicle traffic	YDR203W	ydr203w
Vesicle traffic	YLR261C	vps63
Vesicle traffic	YPL051W	arl3
Vesicle traffic	YJL004C	sys1
Vesicle traffic	YOR109W	inp53
Vesicle traffic	YLR309C	imh1
Vesicle traffic	YNL041C	cog6
Vesicle traffic	YOR070C	gyp1
Vesicle traffic	YKR020W	vps51
Vesicle traffic	YBR164C	arl1
Vesicle traffic	YLR262C	ypt6
Vesicle traffic	YGL005C	cog7
Vesicle traffic	YJR033C	rav1
Vesicle traffic	YNL051W	cog5
Vesicle traffic	YLR039C	ric1
Vesicle traffic	YML071C	cog8
Vesicle traffic	YMR197C	vti1-2
Vesicle traffic	YLR026C	sed5-1
Vesicle traffic	YBL102W	sft2
Vesicle traffic	YFR051C	ret2-1
Vesicle traffic	YLR078C	bos1-1
Vesicle traffic	YBR080C	sec18-1
Vesicle traffic	YDR246W	trs23-5001
Vesicle traffic	YFL038C	ypt1-3
Vesicle traffic	YDR189W	sly1-ts
Vesicle traffic	YDR238C	sec26-11d26
Vesicle traffic	YBR254C	trs20-5001
Vesicle traffic	YOR007C	sgt2
Vesicle traffic	YML077W	bet5-5001
Vesicle traffic	YKL196C	ykt6-5001
Vesicle traffic	YDL058W	uso1-1
Vesicle traffic	YBL050W	sec17-1
Vesicle traffic	YDR238C	sec26-f856aw860a
Vesicle traffic	YGR172C	yip1-4
Vesicle traffic	YGR120C	cog2-1
Vesicle traffic	YKR068C	bet3-5001
Vesicle traffic	YER157W	cog3-2
Vesicle traffic	YGL137W	sec27-1
Vesicle traffic	YER157W	cog3-1
Vesicle traffic	YOR164C	get4
Vesicle traffic	YPL010W	ret3-1
Vesicle traffic	YKR019C	irs4
Vesicle traffic	YJR060W	cbf1
Vesicle traffic	YMR274C	rce1
Vesicle traffic	YGR089W	nnf2
Vesicle traffic	YLR267W	bop2
Vesicle traffic	YJL123C	mtc1
Vesicle traffic	YER151C	ubp3
Vesicle traffic	YNR051C	bre5
Vesicle traffic	YGL145W	tip20-5
Vesicle traffic	YLR440C	sec39-1
Vesicle traffic	YFL039C	act1-111
Vesicle traffic	YJR032W	cpr7
Vesicle traffic	YLR268W	sec22
Vesicle traffic	YLR268W	sec22-3
Vesicle traffic	YAR002C-A	erp1
Vesicle traffic	YIL076W	sec28
Vesicle traffic	YPR051W	mak3
Vesicle traffic	YKR030W	gmh1
Vesicle traffic	YDR153C	ent5
Vesicle traffic	YMR123W	pkr1
Vesicle traffic	YEL051W	vma8
Vesicle traffic	YDR202C	rav2
Vesicle traffic	YPL069C	bts1
Vesicle traffic	YDR137W	rgp1
Vesicle traffic	YOR075W	ufe1-1
Vesicle traffic	YPR176C	bet2-1
Vesicle traffic	YDR498C	sec20-1
Vesicle traffic	YLR440C	sec39-5001
Vesicle traffic	YMR197C	vti1-11
Vesicle traffic	YJL029C	vps53
Vesicle traffic	YLR440C	sec39-2
Vesicle traffic	YEL053C	mak10
Vesicle traffic	YNL267W	pik1-104
Vesicle traffic	YDL115C	iwr1
Vesicle traffic	YLR430W	sen1-1
Vesicle traffic	YEL043W	yel043w
Transcription & chromatin organization	YDR392W	spt3
Transcription & chromatin organization	YPL182C	ypl182c
Transcription & chromatin organization	YPL228W	cet1-2
Transcription & chromatin organization	YGL130W	ceg1-3
Transcription & chromatin organization	YPL228W	cet1-1
Transcription & chromatin organization	YGL130W	ceg1-ts
Transcription & chromatin organization	YHR058C	med6-5001
Transcription & chromatin organization	YOL135C	med7-163
Transcription & chromatin organization	YBR193C	med8-39
Transcription & chromatin organization	YDL108W	kin28-ts
Transcription & chromatin organization	YPR086W	sua7-c149r
Transcription & chromatin organization	YBR193C	med8-51
Transcription & chromatin organization	YDR527W	rba50-5001
Transcription & chromatin organization	YPR086W	sua7-5001
Transcription & chromatin organization	YOR262W	gpn2-5001
Transcription & chromatin organization	YDL140C	rpo21-1
Transcription & chromatin organization	YMR039C	sub1
Transcription & chromatin organization	YOR174W	med4-6
Transcription & chromatin organization	YJL128C	pbs2
Transcription & chromatin organization	YGL151W	nut1
Transcription & chromatin organization	YDR145W	taf12-w486stop
Transcription & chromatin organization	YDR145W	taf12-9
Transcription & chromatin organization	YML098W	taf13-1
Transcription & chromatin organization	YOR194C	toa1-5001
Transcription & chromatin organization	YBR198C	taf5-3
Transcription & chromatin organization	YPR070W	med1
Transcription & chromatin organization	YBR198C	taf5-15
Transcription & chromatin organization	YML015C	taf11-ts2
Transcription & chromatin organization	YGL112C	taf6-ts
Transcription & chromatin organization	YMR005W	taf4-18
Transcription & chromatin organization	YMR236W	taf9-ts2
Transcription & chromatin organization	YML098W	taf13-2
Transcription & chromatin organization	YDR145W	taf12-ts23
Transcription & chromatin organization	YCR033W	snt1
Transcription & chromatin organization	YLR085C	arp6
Transcription & chromatin organization	YLR418C	cdc73
Transcription & chromatin organization	YGL194C	hos2
Transcription & chromatin organization	YOR123C	leo1
Transcription & chromatin organization	YJL168C	set2
Transcription & chromatin organization	YAL011W	swc3
Transcription & chromatin organization	YPR023C	eaf3
Transcription & chromatin organization	YDR334W	swr1
Transcription & chromatin organization	YMR075W	rco1
Transcription & chromatin organization	YDR485C	vps72
Transcription & chromatin organization	YML041C	vps71
Transcription & chromatin organization	YKR029C	set3
Transcription & chromatin organization	YBR103W	sif2
Transcription & chromatin organization	YFR037C	rsc8-ts16
Transcription & chromatin organization	YJL169W	yjl169w
Transcription & chromatin organization	YDR228C	pcf11-ts2
Transcription & chromatin organization	YDR228C	pcf11-2
Transcription & chromatin organization	YMR061W	rna14-5001
Transcription & chromatin organization	YGL044C	rna15-58
Transcription & chromatin organization	YDR228C	pcf11-ts10
Transcription & chromatin organization	YPR161C	sgv1-80
Transcription & chromatin organization	YPR161C	sgv1-35
Transcription & chromatin organization	YMR075C-A	ymr075c-a
Transcription & chromatin organization	YDR290W	ydr290w
Transcription & chromatin organization	YMR070W	mot3
Transcription & chromatin organization	YMR263W	sap30
Transcription & chromatin organization	YIL084C	sds3
Transcription & chromatin organization	YNL097C	pho23
Transcription & chromatin organization	YPL055C	lge1
Transcription & chromatin organization	YDR469W	sdc1
Transcription & chromatin organization	YOL004W	sin3
Transcription & chromatin organization	YLR015W	bre2
Transcription & chromatin organization	YLR055C	spt8
Transcription & chromatin organization	YDL076C	rxt3
Transcription & chromatin organization	YPL139C	ume1
Transcription & chromatin organization	YBR175W	swd3
Transcription & chromatin organization	YGR002C	swc4-4
Transcription & chromatin organization	YML127W	rsc9-5001
Transcription & chromatin organization	YAR003W	swd1
Transcription & chromatin organization	YGL058W	rad6
Transcription & chromatin organization	YJL081C	arp4-g161d
Transcription & chromatin organization	YBR095C	rxt2
Transcription & chromatin organization	YDL074C	bre1
Transcription & chromatin organization	YGL244W	rtf1
Transcription & chromatin organization	YOL012C	htz1
Transcription & chromatin organization	YJR093C	fip1-5001
Transcription & chromatin organization	YGL130W	ceg1-34
Transcription & chromatin organization	YPL228W	cet1-15
Transcription & chromatin organization	YPL011C	taf3-5002
Transcription & chromatin organization	YGL127C	soh1
Transcription & chromatin organization	YPR025C	ccl1-ts4
Transcription & chromatin organization	YNL222W	ssu72-2
Transcription & chromatin organization	YOL135C	med7-141
Transcription & chromatin organization	YPR168W	nut2-ts
Transcription & chromatin organization	YMR112C	med11-ts
Transcription & chromatin organization	YGR274C	taf1-2
Transcription & chromatin organization	YDR145W	taf12-l446a
Transcription & chromatin organization	YBR253W	srb6-5001
Transcription & chromatin organization	YDR145W	taf12-l464a
Transcription & chromatin organization	YGL016W	kap122
Transcription & chromatin organization	YGL043W	dst1
Transcription & chromatin organization	YLR005W	ssl1-5001
Transcription & chromatin organization	YKR062W	tfa2-45
Transcription & chromatin organization	YHR058C	med6-ts
Transcription & chromatin organization	YER139C	rtr1
Transcription & chromatin organization	YJR017C	ess1-h164r
Transcription & chromatin organization	YPL011C	taf3-5001
Transcription & chromatin organization	YGR274C	taf1-1
Transcription & chromatin organization	YNR010W	cse2
Transcription & chromatin organization	YML114C	taf8-7
Transcription & chromatin organization	YHR041C	srb2
Transcription & chromatin organization	YLR005W	ssl1-t242i
Transcription & chromatin organization	YGR005C	tfg2-5001
Transcription & chromatin organization	YDL071C	ydl071c
Transcription & chromatin organization	YLR452C	sst2
Transcription & chromatin organization	YBR194W	aim4
Mitosis & chromosome segregation	YHR036W	brl1-2221
Mitosis & chromosome segregation	YLR347C	kap95-l63a
Mitosis & chromosome segregation	YHR036W	brl1-c371r
Mitosis & chromosome segregation	YLR045C	stu2-11
Mitosis & chromosome segregation	YGR140W	cbf2-42
Mitosis & chromosome segregation	YPL174C	nip100
Mitosis & chromosome segregation	YDR014W	rad61
Mitosis & chromosome segregation	YOR269W	pac1
Mitosis & chromosome segregation	YGR140W	cbf2-1
Mitosis & chromosome segregation	YPL155C	kip2
Mitosis & chromosome segregation	YOR195W	slk19
Mitosis & chromosome segregation	YPL018W	ctf19
Mitosis & chromosome segregation	YDR424C	dyn2
Mitosis & chromosome segregation	YBL034C	stu1-12
Mitosis & chromosome segregation	YHR129C	arp1
Mitosis & chromosome segregation	YDR113C	pds1-128
Mitosis & chromosome segregation	YJL030W	mad2
Mitosis & chromosome segregation	YDR150W	num1
Mitosis & chromosome segregation	YMR198W	cik1
Mitosis & chromosome segregation	YOR026W	bub3
Mitosis & chromosome segregation	YGL086W	mad1
Mitosis & chromosome segregation	YBR107C	iml3
Mitosis & chromosome segregation	YOR349W	cin1
Mitosis & chromosome segregation	YLR045C	stu2-13
Mitosis & chromosome segregation	YPR046W	mcm16
Mitosis & chromosome segregation	YML124C	tub3
Mitosis & chromosome segregation	YCR065W	hcm1
Mitosis & chromosome segregation	YMR168C	cep3-2
Mitosis & chromosome segregation	YMR294W	jnm1
Mitosis & chromosome segregation	YDL028C	mps1-3796
Mitosis & chromosome segregation	YCL029C	bik1
Mitosis & chromosome segregation	YDL028C	mps1-417
Mitosis & chromosome segregation	YBL034C	stu1-8
Mitosis & chromosome segregation	YBL034C	stu1-6
Mitosis & chromosome segregation	YMR299C	dyn3
Mitosis & chromosome segregation	YMR138W	cin4
Mitosis & chromosome segregation	YLL049W	ldb18
Mitosis & chromosome segregation	YDR254W	chl4
Mitosis & chromosome segregation	YPL241C	cin2
Mitosis & chromosome segregation	YMR076C	pds5-1
Mitosis & chromosome segregation	YDR318W	mcm21
Mitosis & chromosome segregation	YBL034C	stu1-5
Mitosis & chromosome segregation	YPL253C	vik1
Mitosis & chromosome segregation	YDR488C	pac11
Mitosis & chromosome segregation	YPR141C	kar3
Mitosis & chromosome segregation	YJL013C	mad3
Mitosis & chromosome segregation	YGL216W	kip3
Mitosis & chromosome segregation	YLR045C	stu2-12
Mitosis & chromosome segregation	YPL017C	irc15
Mitosis & chromosome segregation	YBR156C	sli15-3
Mitosis & chromosome segregation	YKR054C	dyn1
Mitosis & chromosome segregation	YLR381W	ctf3
Mitosis & chromosome segregation	YGL217C	ygl217c
Mitosis & chromosome segregation	YDR149C	ydr149c
Mitosis & chromosome segregation	YHR191C	ctf8
Mitosis & chromosome segregation	YDR180W	scc2-4
Mitosis & chromosome segregation	YGR113W	dam1-19
Mitosis & chromosome segregation	YJL074C	smc3-42
Mitosis & chromosome segregation	YJR135C	mcm22
Mitosis & chromosome segregation	YGR179C	okp1-5
Mitosis & chromosome segregation	YCL016C	dcc1
Mitosis & chromosome segregation	YIR010W	dsn1-8
Mitosis & chromosome segregation	YIR010W	dsn1-7
Mitosis & chromosome segregation	YDR325W	ycg1-2
Mitosis & chromosome segregation	YMR117C	spc24-9
Mitosis & chromosome segregation	YMR078C	ctf18
Mitosis & chromosome segregation	YGL093W	spc105-4
Mitosis & chromosome segregation	YGR113W	dam1-1
Mitosis & chromosome segregation	YBR211C	ame1-4
Mitosis & chromosome segregation	YJL074C	smc3-1
Mitosis & chromosome segregation	YPL233W	nsl1-5
Mitosis & chromosome segregation	YPL209C	ipl1-2
Mitosis & chromosome segregation	YDR201W	spc19-5001
Mitosis & chromosome segregation	YER147C	scc4-5001
Mitosis & chromosome segregation	YFL008W	smc1-259
Mitosis & chromosome segregation	YFL008W	smc1-2
Mitosis & chromosome segregation	YKL052C	ask1-3
Mitosis & chromosome segregation	YGL093W	spc105-15
Mitosis & chromosome segregation	YDL003W	mcd1-73
Mitosis & chromosome segregation	YHR191C	ctf8-9
Mitosis & chromosome segregation	YBL097W	brn1-9
Mitosis & chromosome segregation	YPR135W	ctf4
Mitosis & chromosome segregation	YAL034W-A	mtw1-ts
Mitosis & chromosome segregation	YHR191C	ctf8-162
Mitosis & chromosome segregation	YPL008W	chl1
Mitosis & chromosome segregation	YFL009W	cdc4-3
Mitosis & chromosome segregation	YBR160W	cdc28-13
Mitosis & chromosome segregation	YBR160W	cdc28-4
Mitosis & chromosome segregation	YDR052C	dbf4-4
Mitosis & chromosome segregation	YBR094W	pby1
Mitosis & chromosome segregation	YBR087W	rfc5-1
Mitosis & chromosome segregation	YJR068W	rfc2-1
Mitosis & chromosome segregation	YJL047C	rtt101
Mitosis & chromosome segregation	YBR060C	orc2-3
Mitosis & chromosome segregation	YMR190C	sgs1
Mitosis & chromosome segregation	YJR043C	pol32
Mitosis & chromosome segregation	YHR118C	orc6-5001
Mitosis & chromosome segregation	YJL194W	cdc6-1
Mitosis & chromosome segregation	YMR048W	csm3
Mitosis & chromosome segregation	YLL004W	orc3-70
Mitosis & chromosome segregation	YPR162C	orc4-5001
Mitosis & chromosome segregation	YIR008C	pri1-m4
Mitosis & chromosome segregation	YLR320W	mms22
Mitosis & chromosome segregation	YCL061C	mrc1
Mitosis & chromosome segregation	YDL017W	cdc7-4
Mitosis & chromosome segregation	YML065W	orc1-5001
Mitosis & chromosome segregation	YBR060C	orc2-2
Mitosis & chromosome segregation	YAR007C	rfa1-m2
Mitosis & chromosome segregation	YDR369C	xrs2
Mitosis & chromosome segregation	YLR274W	cdc46-1
Mitosis & chromosome segregation	YBR100W	ybr100w
Mitosis & chromosome segregation	YCL060C	ycl060c
Mitosis & chromosome segregation	YBR099C	ybr099c
Mitosis & chromosome segregation	YOR024W	yor024w
Mitosis & chromosome segregation	YOR014W	rts1
Mitosis & chromosome segregation	YJR140C	hir3
Mitosis & chromosome segregation	YBR215W	hpc2
Mitosis & chromosome segregation	YKL101W	hsl1
Mitosis & chromosome segregation	YFR028C	cdc14-1
Mitosis & chromosome segregation	YFR028C	cdc14-8
Mitosis & chromosome segregation	YFR028C	cdc14-2
Mitosis & chromosome segregation	YDR260C	swm1
Mitosis & chromosome segregation	YLR102C	apc9
Mitosis & chromosome segregation	YGL116W	cdc20-3
Mitosis & chromosome segregation	YKL022C	cdc16-1
Mitosis & chromosome segregation	YGL116W	cdc20-2
Mitosis & chromosome segregation	YOR249C	apc5-ca-paps
Mitosis & chromosome segregation	YPR119W	clb2
Mitosis & chromosome segregation	YBL084C	cdc27-2
Mitosis & chromosome segregation	YHR166C	cdc23-1
Mitosis & chromosome segregation	YBL084C	cdc27-1
Mitosis & chromosome segregation	YIR011C	sts1-5001
Mitosis & chromosome segregation	YGR113W	dam1-9
Mitosis & chromosome segregation	YDR168W	cdc37-1
Mitosis & chromosome segregation	YFL029C	cak1-23
Mitosis & chromosome segregation	YBR135W	cks1-35
Mitosis & chromosome segregation	YDR168W	cdc37-ts
Mitosis & chromosome segregation	YBR135W	cks1-38
Mitosis & chromosome segregation	YFL034C-B	mob2-28
Mitosis & chromosome segregation	YFL034C-B	mob2-24
Mitosis & chromosome segregation	YFL034C-B	mob2-38
Mitosis & chromosome segregation	YFL034C-B	mob2-19
Mitosis & chromosome segregation	YFL034C-B	mob2-22
Mitosis & chromosome segregation	YFL034C-B	mob2-40
Mitosis & chromosome segregation	YFL034C-B	mob2-8
Mitosis & chromosome segregation	YFL034C-B	mob2-14
Mitosis & chromosome segregation	YFL034C-B	mob2-36
Mitosis & chromosome segregation	YGR092W	dbf2
Mitosis & chromosome segregation	YMR168C	cep3-1
Mitosis & chromosome segregation	YMR055C	bub2
Mitosis & chromosome segregation	YGR188C	bub1
Mitosis & chromosome segregation	YHR152W	spo12
Mitosis & chromosome segregation	YAL024C	lte1
Mitosis & chromosome segregation	YFR046C	cnn1
Mitosis & chromosome segregation	YLR045C	stu2-10
Mitosis & chromosome segregation	YEL061C	cin8
Mitosis & chromosome segregation	YOR265W	rbl2
Mitosis & chromosome segregation	YER016W	bim1
Mitosis & chromosome segregation	YFL037W	tub2-430
Mitosis & chromosome segregation	YCR086W	csm1
Mitosis & chromosome segregation	YDR439W	lrs4
Mitosis & chromosome segregation	YFR027W	eco1-1
Mitosis & chromosome segregation	YDL008W	apc11-13
Mitosis & chromosome segregation	YGL116W	cdc20-1
Mitosis & chromosome segregation	YPL233W	nsl1-6
Mitosis & chromosome segregation	YML064C	tem1-3
Mitosis & chromosome segregation	YGR113W	dam1-11
Mitosis & chromosome segregation	YER018C	spc25-1
Mitosis & chromosome segregation	YJR112W	nnf1-48
Mitosis & chromosome segregation	YDL003W	mcd1-5001
Mitosis & chromosome segregation	YGL061C	duo1-2
Mitosis & chromosome segregation	YJR112W	nnf1-17
Mitosis & chromosome segregation	YLR272C	ycs4-1
Mitosis & chromosome segregation	YHR172W	spc97-5001
Mitosis & chromosome segregation	YMR117C	spc24-10
Mitosis & chromosome segregation	YER133W	glc7-12
Mitosis & chromosome segregation	YIL144W	tid3-1
Mitosis & chromosome segregation	YBL058W	shp1
Mitosis & chromosome segregation	YDR356W	spc110-220
Mitosis & chromosome segregation	YDR016C	dad1-5005
Mitosis & chromosome segregation	YER147C	scc4-4
Mitosis & chromosome segregation	YGL003C	cdh1
Mitosis & chromosome segregation	YIL106W	mob1-5001
Mitosis & chromosome segregation	YMR094W	ctf13-30
Mitosis & chromosome segregation	YOL069W	nuf2-61
Mitosis & chromosome segregation	YOL069W	nuf2-5001
Mitosis & chromosome segregation	YJR112W	nnf1-77
Mitosis & chromosome segregation	YKL053W	ykl053w
Mitosis & chromosome segregation	YHR164C	dna2-2
Mitosis & chromosome segregation	YBR202W	cdc47-ts
Mitosis & chromosome segregation	YOR144C	elg1
Mitosis & chromosome segregation	YBR136W	mec1-4ts
Mitosis & chromosome segregation	YJL092W	srs2
Mitosis & chromosome segregation	YNL273W	tof1
Mitosis & chromosome segregation	YGL091C	nbp35-5001
Mitosis & chromosome segregation	YOR038C	hir2
Mitosis & chromosome segregation	YER120W	scs2
Mitosis & chromosome segregation	YOL097C	wrs1-5003
Mitosis & chromosome segregation	YER148W	spt15-i143n
rDNA & ncDNA processing	YDR064W	rps13-5001
rDNA & ncDNA processing	YMR229C	rrp5-delta6
rDNA & ncDNA processing	YDR339C	fcf1-5001
rDNA & ncDNA processing	YDL208W	nhp2-5001
rDNA & ncDNA processing	YGR034W	rpl26b
rDNA & ncDNA processing	YDR496C	puf6
rDNA & ncDNA processing	YMR049C	erb1-5001
rDNA & ncDNA processing	YHR066W	ssf1
rDNA & ncDNA processing	YLR276C	dbp9-5001
rDNA & ncDNA processing	YNR038W	dbp6-5001
rDNA & ncDNA processing	YBR142W	mak5-5001
rDNA & ncDNA processing	YHR088W	rpf1-5001
rDNA & ncDNA processing	YPL211W	nip7-1
rDNA & ncDNA processing	YDR060W	mak21-1
rDNA & ncDNA processing	YAL025C	mak16-5001
rDNA & ncDNA processing	YNL061W	nop2-3
rDNA & ncDNA processing	YGR103W	nop7-1
rDNA & ncDNA processing	YKL021C	mak11-2
rDNA & ncDNA processing	YNL061W	nop2-9
rDNA & ncDNA processing	YNL061W	nop2-5
rDNA & ncDNA processing	YGL078C	dbp3
rDNA & ncDNA processing	YLR002C	noc3-5001
rDNA & ncDNA processing	YNL061W	nop2-6
rDNA & ncDNA processing	YMR269W	tma23
rDNA & ncDNA processing	YKL021C	mak11-5001
rDNA & ncDNA processing	YDL111C	rrp42-5001
rDNA & ncDNA processing	YJL050W	mtr4-1
rDNA & ncDNA processing	YOR341W	rpa190-g728d
rDNA & ncDNA processing	YHR196W	utp9-5001
rDNA & ncDNA processing	YLR397C	afg2-18
rDNA & ncDNA processing	YKR092C	srp40
rDNA & ncDNA processing	YNR053C	nog2-1
rDNA & ncDNA processing	YNL002C	rlp7-5001
rDNA & ncDNA processing	YLL011W	sof1-5001
rDNA & ncDNA processing	YHR088W	rpf1-1
rDNA & ncDNA processing	YLR003C	cms1
rDNA & ncDNA processing	YLL008W	drs1-5002
rDNA & ncDNA processing	YKL082C	rrp14-5003
rDNA & ncDNA processing	YCL059C	krr1-18
rDNA & ncDNA processing	YKL082C	rrp14-5010
rDNA & ncDNA processing	YDR087C	rrp1-1
rDNA & ncDNA processing	YOR056C	nob1-5001
rDNA & ncDNA processing	YDR083W	rrp8
rDNA & ncDNA processing	YLR197W	nop56-5001
rDNA & ncDNA processing	YCL059C	krr1-17
rDNA & ncDNA processing	YDL148C	nop14-5001
rDNA & ncDNA processing	YDL213C	nop6
rDNA & ncDNA processing	YPR137W	rrp9-5001
rDNA & ncDNA processing	YLR129W	dip2-5001
rDNA & ncDNA processing	YMR093W	utp15-5001
rDNA & ncDNA processing	YHR040W	bcd1-5001
rDNA & ncDNA processing	YLR186W	emg1-5001
rDNA & ncDNA processing	YDL014W	nop1-2
rDNA & ncDNA processing	YEL026W	snu13-5001
rDNA & ncDNA processing	YDR299W	bfr2-5001
rDNA & ncDNA processing	YLR196W	pwp1-5001
rDNA & ncDNA processing	YDR449C	utp6-5001
rDNA & ncDNA processing	YER082C	utp7-5003
rDNA & ncDNA processing	YHR069C	rrp4-1
rDNA & ncDNA processing	YIL127C	rrt14
rDNA & ncDNA processing	YLR068W	fyv7
rDNA & ncDNA processing	YNL282W	pop3-5001
rDNA & ncDNA processing	YPL266W	dim1-2
rDNA & ncDNA processing	YER127W	lcp5-5007
rDNA & ncDNA processing	YER127W	lcp5-5005
rDNA & ncDNA processing	YOR078W	bud21
rDNA & ncDNA processing	YER082C	utp7-5004
rDNA & ncDNA processing	YPL043W	nop4-3
rDNA & ncDNA processing	YHR197W	rix1-5001
rDNA & ncDNA processing	YOL080C	rex4
rDNA & ncDNA processing	YLR222C	utp13-5001
rDNA & ncDNA processing	YOL077C	brx1-5001
rDNA & ncDNA processing	YOL041C	nop12
rDNA & ncDNA processing	YHR085W	ipi1-5001
rDNA & ncDNA processing	YNL061W	nop2-10
rDNA & ncDNA processing	YPR143W	rrp15-5007
rDNA & ncDNA processing	YDL060W	tsr1-3
rDNA & ncDNA processing	YOL079W	yol079w
rDNA & ncDNA processing	YOR235W	irc13
rDNA & ncDNA processing	YOR309C	yor309c
rDNA & ncDNA processing	YMR309C	nip1-5007
rDNA & ncDNA processing	YPR016C	tif6-ts1
rDNA & ncDNA processing	YOR294W	rrs1-84
rDNA & ncDNA processing	YOL144W	nop8-5001
rDNA & ncDNA processing	YDL031W	dbp10-5004
rDNA & ncDNA processing	YOR272W	ytm1-1
rDNA & ncDNA processing	YLL008W	drs1-5001
rDNA & ncDNA processing	YNL232W	csl4-5001
rDNA & ncDNA processing	YHR081W	lrp1
rDNA & ncDNA processing	YDR478W	snm1-5001
Respiration, oxidative phosphorylation, mitochondrial targeting	YDR512C	emi1
Respiration, oxidative phosphorylation, mitochondrial targeting	YNR045W	pet494
Respiration, oxidative phosphorylation, mitochondrial targeting	YDR316W	oms1
Respiration, oxidative phosphorylation, mitochondrial targeting	YMR035W	imp2
Respiration, oxidative phosphorylation, mitochondrial targeting	YNR018W	rcf2
Respiration, oxidative phosphorylation, mitochondrial targeting	YLR395C	cox8
Respiration, oxidative phosphorylation, mitochondrial targeting	YKL137W	cmc1
Respiration, oxidative phosphorylation, mitochondrial targeting	YER154W	oxa1
Respiration, oxidative phosphorylation, mitochondrial targeting	YGR257C	mtm1
Respiration, oxidative phosphorylation, mitochondrial targeting	YNL169C	psd1
Respiration, oxidative phosphorylation, mitochondrial targeting	YBR179C	fzo1
Respiration, oxidative phosphorylation, mitochondrial targeting	YMR066W	sov1
Respiration, oxidative phosphorylation, mitochondrial targeting	YBR163W	exo5
Respiration, oxidative phosphorylation, mitochondrial targeting	YJR144W	mgm101
Respiration, oxidative phosphorylation, mitochondrial targeting	YMR072W	abf2
Respiration, oxidative phosphorylation, mitochondrial targeting	YNL315C	atp11
Respiration, oxidative phosphorylation, mitochondrial targeting	YKL016C	atp7
Respiration, oxidative phosphorylation, mitochondrial targeting	YLR295C	atp14
Respiration, oxidative phosphorylation, mitochondrial targeting	YJL180C	atp12
Respiration, oxidative phosphorylation, mitochondrial targeting	YLR393W	atp10
Respiration, oxidative phosphorylation, mitochondrial targeting	YIL098C	fmc1
Respiration, oxidative phosphorylation, mitochondrial targeting	YNR020C	atp23
Respiration, oxidative phosphorylation, mitochondrial targeting	YDR298C	atp5
Respiration, oxidative phosphorylation, mitochondrial targeting	YDR350C	atp22
Respiration, oxidative phosphorylation, mitochondrial targeting	YPL103C	fmp30
Respiration, oxidative phosphorylation, mitochondrial targeting	YMR098C	atp25
Respiration, oxidative phosphorylation, mitochondrial targeting	YML081C-A	atp18
Respiration, oxidative phosphorylation, mitochondrial targeting	YJR121W	atp2
Respiration, oxidative phosphorylation, mitochondrial targeting	YKR016W	mic60
Respiration, oxidative phosphorylation, mitochondrial targeting	YDL142C	crd1
Respiration, oxidative phosphorylation, mitochondrial targeting	YER017C	afg3
Respiration, oxidative phosphorylation, mitochondrial targeting	YGR132C	phb1
Respiration, oxidative phosphorylation, mitochondrial targeting	YMR150C	imp1
Respiration, oxidative phosphorylation, mitochondrial targeting	YLL027W	isa1
Respiration, oxidative phosphorylation, mitochondrial targeting	YDR375C	bcs1
Respiration, oxidative phosphorylation, mitochondrial targeting	YLR008C	pam18-1
Respiration, oxidative phosphorylation, mitochondrial targeting	YEL059C-A	som1
Respiration, oxidative phosphorylation, mitochondrial targeting	YDR204W	coq4
Respiration, oxidative phosphorylation, mitochondrial targeting	YPL132W	cox11
Respiration, oxidative phosphorylation, mitochondrial targeting	YOR065W	cyt1
Respiration, oxidative phosphorylation, mitochondrial targeting	YGL119W	coq8
Respiration, oxidative phosphorylation, mitochondrial targeting	YAL039C	cyc3
Respiration, oxidative phosphorylation, mitochondrial targeting	YKL109W	hap4
Respiration, oxidative phosphorylation, mitochondrial targeting	YGR255C	coq6
Respiration, oxidative phosphorylation, mitochondrial targeting	YMR097C	mtg1-supp1
Respiration, oxidative phosphorylation, mitochondrial targeting	YBL021C	hap3
Respiration, oxidative phosphorylation, mitochondrial targeting	YGR183C	qcr9
Respiration, oxidative phosphorylation, mitochondrial targeting	YLL018C-A	cox19
Respiration, oxidative phosphorylation, mitochondrial targeting	YLL009C	cox17
Respiration, oxidative phosphorylation, mitochondrial targeting	YDR231C	cox20
Respiration, oxidative phosphorylation, mitochondrial targeting	YER058W	pet117
Respiration, oxidative phosphorylation, mitochondrial targeting	YBR003W	coq1
Respiration, oxidative phosphorylation, mitochondrial targeting	YGL237C	hap2
Respiration, oxidative phosphorylation, mitochondrial targeting	YDR529C	qcr7
Respiration, oxidative phosphorylation, mitochondrial targeting	YHR116W	cox23
Respiration, oxidative phosphorylation, mitochondrial targeting	YBR037C	sco1
Respiration, oxidative phosphorylation, mitochondrial targeting	YBL059C-A	cmc2
Respiration, oxidative phosphorylation, mitochondrial targeting	YNR041C	coq2
Respiration, oxidative phosphorylation, mitochondrial targeting	YEL024W	rip1
Respiration, oxidative phosphorylation, mitochondrial targeting	YML110C	coq5
Respiration, oxidative phosphorylation, mitochondrial targeting	YGL191W	cox13
Respiration, oxidative phosphorylation, mitochondrial targeting	YJR048W	cyc1
Respiration, oxidative phosphorylation, mitochondrial targeting	YOL008W	coq10
Respiration, oxidative phosphorylation, mitochondrial targeting	YLR290C	ylr290c
Respiration, oxidative phosphorylation, mitochondrial targeting	YPL189C-A	coa2
Respiration, oxidative phosphorylation, mitochondrial targeting	YLR201C	coq9
Respiration, oxidative phosphorylation, mitochondrial targeting	YPR191W	qcr2
Respiration, oxidative phosphorylation, mitochondrial targeting	YML129C	cox14
Respiration, oxidative phosphorylation, mitochondrial targeting	YIL157C	coa1
Respiration, oxidative phosphorylation, mitochondrial targeting	YJR034W	pet191
Respiration, oxidative phosphorylation, mitochondrial targeting	YKL087C	cyt2
Respiration, oxidative phosphorylation, mitochondrial targeting	YPL172C	cox10
Respiration, oxidative phosphorylation, mitochondrial targeting	YLR038C	cox12
Respiration, oxidative phosphorylation, mitochondrial targeting	YLR218C	coa4
Respiration, oxidative phosphorylation, mitochondrial targeting	YJL166W	qcr8
Respiration, oxidative phosphorylation, mitochondrial targeting	YMR256C	cox7
Respiration, oxidative phosphorylation, mitochondrial targeting	YOR125C	cat5
Respiration, oxidative phosphorylation, mitochondrial targeting	YOR358W	hap5
Respiration, oxidative phosphorylation, mitochondrial targeting	YNL003C	pet8
Respiration, oxidative phosphorylation, mitochondrial targeting	YJL062W-A	coa3
Respiration, oxidative phosphorylation, mitochondrial targeting	YDL067C	cox9
Respiration, oxidative phosphorylation, mitochondrial targeting	YJL003W	cox16
Respiration, oxidative phosphorylation, mitochondrial targeting	YGL187C	cox4
Respiration, oxidative phosphorylation, mitochondrial targeting	YDR079W	pet100
Respiration, oxidative phosphorylation, mitochondrial targeting	YGR062C	cox18
Respiration, oxidative phosphorylation, mitochondrial targeting	YLR203C	mss51
Respiration, oxidative phosphorylation, mitochondrial targeting	YMR287C	dss1
Respiration, oxidative phosphorylation, mitochondrial targeting	YDL069C	cbs1
Respiration, oxidative phosphorylation, mitochondrial targeting	YJL209W	cbp1
Respiration, oxidative phosphorylation, mitochondrial targeting	YOR350C	mne1
Respiration, oxidative phosphorylation, mitochondrial targeting	YOR201C	mrm1
Respiration, oxidative phosphorylation, mitochondrial targeting	YKL208W	cbt1
Respiration, oxidative phosphorylation, mitochondrial targeting	YDL107W	mss2
Respiration, oxidative phosphorylation, mitochondrial targeting	YDR194C	mss116
Respiration, oxidative phosphorylation, mitochondrial targeting	YHL038C	cbp2
Respiration, oxidative phosphorylation, mitochondrial targeting	YGL236C	mto1
Respiration, oxidative phosphorylation, mitochondrial targeting	YBR120C	cbp6-supp1
Respiration, oxidative phosphorylation, mitochondrial targeting	YKL167C	mrp49
Respiration, oxidative phosphorylation, mitochondrial targeting	YCR071C	img2
Respiration, oxidative phosphorylation, mitochondrial targeting	YCR046C	img1
Respiration, oxidative phosphorylation, mitochondrial targeting	YER153C	pet122
Respiration, oxidative phosphorylation, mitochondrial targeting	YJR113C	rsm7
Respiration, oxidative phosphorylation, mitochondrial targeting	YHR075C	ppe1
Respiration, oxidative phosphorylation, mitochondrial targeting	YGR222W	pet54
Respiration, oxidative phosphorylation, mitochondrial targeting	YMR023C	mss1
Respiration, oxidative phosphorylation, mitochondrial targeting	YPL097W	msy1
Respiration, oxidative phosphorylation, mitochondrial targeting	YPL118W	mrp51
Respiration, oxidative phosphorylation, mitochondrial targeting	YBR268W	mrpl37
Respiration, oxidative phosphorylation, mitochondrial targeting	YMR282C	aep2
Respiration, oxidative phosphorylation, mitochondrial targeting	YDR462W	mrpl28
Respiration, oxidative phosphorylation, mitochondrial targeting	YIR021W	mrs1
Respiration, oxidative phosphorylation, mitochondrial targeting	YJL131C	aim23
Respiration, oxidative phosphorylation, mitochondrial targeting	YKR085C	mrpl20
Respiration, oxidative phosphorylation, mitochondrial targeting	YMR064W	aep1
Respiration, oxidative phosphorylation, mitochondrial targeting	YEL050C	rml2
Respiration, oxidative phosphorylation, mitochondrial targeting	YDR405W	mrp20
Respiration, oxidative phosphorylation, mitochondrial targeting	YGR264C	mes1-1
Respiration, oxidative phosphorylation, mitochondrial targeting	YDR337W	mrps28
Respiration, oxidative phosphorylation, mitochondrial targeting	YBR146W	mrps9
Respiration, oxidative phosphorylation, mitochondrial targeting	YKL155C	rsm22
Respiration, oxidative phosphorylation, mitochondrial targeting	YNL185C	mrpl19
Respiration, oxidative phosphorylation, mitochondrial targeting	YHR189W	pth1
Respiration, oxidative phosphorylation, mitochondrial targeting	YPL005W	aep3
Respiration, oxidative phosphorylation, mitochondrial targeting	YHR038W	rrf1
Respiration, oxidative phosphorylation, mitochondrial targeting	YBL080C	pet112
Respiration, oxidative phosphorylation, mitochondrial targeting	YOL023W	ifm1
Respiration, oxidative phosphorylation, mitochondrial targeting	YMR257C	pet111
Respiration, oxidative phosphorylation, mitochondrial targeting	YPR047W	msf1
Respiration, oxidative phosphorylation, mitochondrial targeting	YDR257C	rkm4
Respiration, oxidative phosphorylation, mitochondrial targeting	YDR012W	rpl4b
Respiration, oxidative phosphorylation, mitochondrial targeting	YIL073C	spo22
Respiration, oxidative phosphorylation, mitochondrial targeting	YPL183W-A	rtc6
Respiration, oxidative phosphorylation, mitochondrial targeting	YDR065W	rrg1
Respiration, oxidative phosphorylation, mitochondrial targeting	YGL235W	ygl235w
Respiration, oxidative phosphorylation, mitochondrial targeting	YER077C	yer077c
Respiration, oxidative phosphorylation, mitochondrial targeting	YKL107W	ykl107w
Respiration, oxidative phosphorylation, mitochondrial targeting	YIL047C	syg1
Respiration, oxidative phosphorylation, mitochondrial targeting	YJL133C-A	yjl133c-a
