Function	ORF	Gene/Allele	Interactor (std)
Cell polarity & morphogenesis	YLR378C	sec61-2	SEC61
Cell polarity & morphogenesis	YJR065C	arp3-d11a	ARP3
Cell polarity & morphogenesis	YNR035C	arc35-6	ARC35
Cell polarity & morphogenesis	YFL039C	act1-132	ACT1
Cell polarity & morphogenesis	YLL021W	spa2	SPA2
Cell polarity & morphogenesis	YFL039C	act1-120	ACT1
Cell polarity & morphogenesis	YFL039C	act1-124	ACT1
Cell polarity & morphogenesis	YFL039C	act1-136	ACT1
Cell polarity & morphogenesis	YDR212W	tcp1-2	TCP1
Cell polarity & morphogenesis	YAL041W	cdc24-1	CDC24
Cell polarity & morphogenesis	YFL039C	act1-122	ACT1
Cell polarity & morphogenesis	YNL138W	srv2-2	SRV2
Cell polarity & morphogenesis	YLR319C	bud6	BUD6
Cell polarity & morphogenesis	YKL203C	tor2-21	TOR2
Cell polarity & morphogenesis	YFL039C	act1-101	ACT1
Cell polarity & morphogenesis	YMR109W	myo5	MYO5
Cell polarity & morphogenesis	YOR326W	myo2-14	MYO2
Cell polarity & morphogenesis	YOR122C	pfy1-4	PFY1
Cell polarity & morphogenesis	YIL034C	cap2	CAP2
Cell polarity & morphogenesis	YFL039C	act1-155	ACT1
Cell polarity & morphogenesis	YER093C	tsc11-1	TSC11
Cell polarity & morphogenesis	YKL007W	cap1	CAP1
Cell polarity & morphogenesis	YER149C	pea2	PEA2
Cell polarity & morphogenesis	YNL138W	srv2-ts	SRV2
Cell polarity & morphogenesis	YFL039C	act1-4	ACT1
Cell polarity & morphogenesis	YFL039C	act1-129	ACT1
Cell polarity & morphogenesis	YFL039C	act1-125	ACT1
Cell polarity & morphogenesis	YOL003C	pfa4	PFA4
Cell polarity & morphogenesis	YJR064W	cct5-5001	CCT5
Cell polarity & morphogenesis	YAL041W	cdc24-11	CDC24
Cell polarity & morphogenesis	YOR181W	las17-14	LAS17
Cell polarity & morphogenesis	YIL118W	rho3-ser228	RHO3
Cell polarity & morphogenesis	YER155C	bem2	BEM2
Cell polarity & morphogenesis	YFL039C	act1-3	ACT1
Cell polarity & morphogenesis	YIL118W	rho3-1	RHO3
Cell polarity & morphogenesis	YOR122C	pfy1-14	PFY1
Cell polarity & morphogenesis	YER093C	tsc11-5	TSC11
Cell polarity & morphogenesis	YDR188W	cct6-18	CCT6
Cell polarity & morphogenesis	YOR122C	pfy1-13	PFY1
Cell polarity & morphogenesis	YBL007C	sla1	SLA1
Cell polarity & morphogenesis	YDR208W	mss4-103	MSS4
Cell polarity & morphogenesis	YDL029W	arp2-14	ARP2
Cell polarity & morphogenesis	YDR212W	tcp1-1	TCP1
Cell polarity & morphogenesis	YFL039C	act1-159	ACT1
Cell polarity & morphogenesis	YFL039C	act1-119	ACT1
Cell polarity & morphogenesis	YCR009C	rvs161	RVS161
Cell polarity & morphogenesis	YIL062C	arc15-10	ARC15
Cell polarity & morphogenesis	YBR109C	cmd1-8	CMD1
Cell polarity & morphogenesis	YFL039C	act1-121	ACT1
Cell polarity & morphogenesis	YLR229C	cdc42-1	CDC42
Cell polarity & morphogenesis	YDR276C	pmp3	PMP3
Cell polarity & morphogenesis	YGL233W	sec15-1	SEC15
Cell polarity & morphogenesis	YLR166C	sec10-2	SEC10
Cell polarity & morphogenesis	YPR055W	sec8-6	SEC8
Cell polarity & morphogenesis	YPR055W	sec8-9	SEC8
Cell polarity & morphogenesis	YJL099W	chs6	CHS6
Cell polarity & morphogenesis	YHR142W	chs7	CHS7
Cell polarity & morphogenesis	YBL061C	skt5	SKT5
Cell polarity & morphogenesis	YBR023C	chs3	CHS3
Cell polarity & morphogenesis	YBL105C	pkc1-1	PKC1
Cell polarity & morphogenesis	YGR228W	ygr228w	YGR228W
Cell polarity & morphogenesis	YBL062W	ybl062w	YBL062W
Cell polarity & morphogenesis	YJL159W	hsp150	HSP150
Cell polarity & morphogenesis	YGR229C	smi1	SMI1
Cell polarity & morphogenesis	YMR124W	ymr124w	YMR124W
Cell polarity & morphogenesis	YFL005W	sec4-8	SEC4
Cell polarity & morphogenesis	YBR078W	ecm33	ECM33
Cell polarity & morphogenesis	YNL006W	lst8-6	LST8
Cell polarity & morphogenesis	YBR234C	arc40-5001	ARC40
Cell polarity & morphogenesis	YAL041W	cdc24-5	CDC24
Cell polarity & morphogenesis	YKL203C	tor2-29	TOR2
Cell polarity & morphogenesis	YDR388W	rvs167	RVS167
Cell polarity & morphogenesis	YOR181W	las17-13	LAS17
Cell polarity & morphogenesis	YDR348C	pal1	PAL1
Cell polarity & morphogenesis	YFL039C	act1-133	ACT1
Cell polarity & morphogenesis	YLL050C	cof1-8	COF1
Cell polarity & morphogenesis	YOR326W	myo2-16	MYO2
Cell polarity & morphogenesis	YNL271C	bni1	BNI1
Cell polarity & morphogenesis	YFL039C	act1-105	ACT1
Cell polarity & morphogenesis	YNR049C	mso1	MSO1
Cell polarity & morphogenesis	YIR003W	aim21	AIM21
Cell polarity & morphogenesis	YFL039C	act1-108	ACT1
Cell polarity & morphogenesis	YLR370C	arc18	ARC18
Cell polarity & morphogenesis	YPL066W	rgl1	YPL066W
Cell polarity & morphogenesis	YNR035C	arc35-5	ARC35
Cell polarity & morphogenesis	YER093C	tsc11-7	TSC11
Cell polarity & morphogenesis	YLR337C	vrp1	VRP1
Cell polarity & morphogenesis	YFL039C	act1-112	ACT1
Cell polarity & morphogenesis	YOR035C	she4	SHE4
Cell polarity & morphogenesis	YAL041W	cdc24-h	CDC24
Cell polarity & morphogenesis	YJL085W	exo70-38	EXO70
Cell polarity & morphogenesis	YNL272C	sec2-41	SEC2
Cell polarity & morphogenesis	YER008C	sec3-2	SEC3
Cell polarity & morphogenesis	YDR164C	sec1-1	SEC1
Cell polarity & morphogenesis	YIL068C	sec6-4	SEC6
Cell polarity & morphogenesis	YDR166C	sec5-24	SEC5
Cell polarity & morphogenesis	YJL085W	exo70-29/37	EXO70
Cell polarity & morphogenesis	YJR087W	yjr087w	YJR087W
Cell polarity & morphogenesis	YPL232W	sso1	SSO1
Cell polarity & morphogenesis	YOR327C	snc2	SNC2
Cell polarity & morphogenesis	YGR009C	sec9-4	SEC9
Cell polarity & morphogenesis	YNL181W	ynl181w-5001	YNL181W
Glycosylation, protein folding/targeting, cell wall biosynthesis	YPL120W	vps30	VPS30
Glycosylation, protein folding/targeting, cell wall biosynthesis	YJL053W	pep8	PEP8
Glycosylation, protein folding/targeting, cell wall biosynthesis	YLR360W	vps38	VPS38
Glycosylation, protein folding/targeting, cell wall biosynthesis	YHR012W	vps29	VPS29
Glycosylation, protein folding/targeting, cell wall biosynthesis	YOR068C	vam10	VAM10
Glycosylation, protein folding/targeting, cell wall biosynthesis	YER136W	gdi1-1	GDI1
Glycosylation, protein folding/targeting, cell wall biosynthesis	YDR086C	sss1-5001	SSS1
Glycosylation, protein folding/targeting, cell wall biosynthesis	YMR239C	rnt1-ts	RNT1
Glycosylation, protein folding/targeting, cell wall biosynthesis	YOL018C	tlg2	TLG2
Glycosylation, protein folding/targeting, cell wall biosynthesis	YOR370C	mrs6-2	MRS6
Glycosylation, protein folding/targeting, cell wall biosynthesis	YDL145C	cop1-1	COP1
Glycosylation, protein folding/targeting, cell wall biosynthesis	YBR029C	cds1-5001	CDS1
Glycosylation, protein folding/targeting, cell wall biosynthesis	YGR166W	trs65	TRS65
Glycosylation, protein folding/targeting, cell wall biosynthesis	YDL096C	opi6	OPI6
Glycosylation, protein folding/targeting, cell wall biosynthesis	YMR200W	rot1-5001	ROT1
Glycosylation, protein folding/targeting, cell wall biosynthesis	YLR459W	gab1-3	GAB1
Glycosylation, protein folding/targeting, cell wall biosynthesis	YOR149C	smp3-2	SMP3
Glycosylation, protein folding/targeting, cell wall biosynthesis	YDR389W	sac7	SAC7
Glycosylation, protein folding/targeting, cell wall biosynthesis	YGL027C	cwh41	CWH41
Glycosylation, protein folding/targeting, cell wall biosynthesis	YJR075W	hoc1	HOC1
Glycosylation, protein folding/targeting, cell wall biosynthesis	YDR437W	gpi19-5001	GPI19
Glycosylation, protein folding/targeting, cell wall biosynthesis	YHR188C	gpi16-5001	GPI16
Glycosylation, protein folding/targeting, cell wall biosynthesis	YGL022W	stt3-7	STT3
Glycosylation, protein folding/targeting, cell wall biosynthesis	YDR331W	gpi8-ts	GPI8
Glycosylation, protein folding/targeting, cell wall biosynthesis	YDR414C	erd1	ERD1
Glycosylation, protein folding/targeting, cell wall biosynthesis	YBL082C	alg3	ALG3
Glycosylation, protein folding/targeting, cell wall biosynthesis	YMR238W	dfg5	DFG5
Glycosylation, protein folding/targeting, cell wall biosynthesis	YDR437W	gpi19-2	GPI19
Glycosylation, protein folding/targeting, cell wall biosynthesis	YPL227C	alg5	ALG5
Glycosylation, protein folding/targeting, cell wall biosynthesis	YLR459W	gab1-1	GAB1
Glycosylation, protein folding/targeting, cell wall biosynthesis	YOR254C	sec63-1	SEC63
Glycosylation, protein folding/targeting, cell wall biosynthesis	YDL095W	pmt1	PMT1
Glycosylation, protein folding/targeting, cell wall biosynthesis	YJL034W	kar2-159	KAR2
Glycosylation, protein folding/targeting, cell wall biosynthesis	YJR117W	ste24	STE24
Glycosylation, protein folding/targeting, cell wall biosynthesis	YGL142C	gpi10-5001	GPI10
Glycosylation, protein folding/targeting, cell wall biosynthesis	YBR260C	rgd1	RGD1
Glycosylation, protein folding/targeting, cell wall biosynthesis	YLR459W	gab1-2	GAB1
Glycosylation, protein folding/targeting, cell wall biosynthesis	YBL040C	erd2-5001	ERD2
Glycosylation, protein folding/targeting, cell wall biosynthesis	YOR067C	alg8	ALG8
Glycosylation, protein folding/targeting, cell wall biosynthesis	YPL076W	gpi2-1-7b	GPI2
Glycosylation, protein folding/targeting, cell wall biosynthesis	YOR103C	ost2-5001	OST2
Glycosylation, protein folding/targeting, cell wall biosynthesis	YDR434W	gpi17-5001	GPI17
Glycosylation, protein folding/targeting, cell wall biosynthesis	YOR002W	alg6	ALG6
Glycosylation, protein folding/targeting, cell wall biosynthesis	YGL065C	alg2-1	ALG2
Glycosylation, protein folding/targeting, cell wall biosynthesis	YDR372C	vps74	VPS74
Glycosylation, protein folding/targeting, cell wall biosynthesis	YBR004C	gpi18-5001	GPI18
Glycosylation, protein folding/targeting, cell wall biosynthesis	YAL023C	pmt2	PMT2
Glycosylation, protein folding/targeting, cell wall biosynthesis	YOR336W	kre5-ts2	KRE5
Glycosylation, protein folding/targeting, cell wall biosynthesis	YMR307W	gas1	GAS1
Glycosylation, protein folding/targeting, cell wall biosynthesis	YLR088W	gaa1-ts	GAA1
Glycosylation, protein folding/targeting, cell wall biosynthesis	YBL083C	ybl083c	YBL083C
Glycosylation, protein folding/targeting, cell wall biosynthesis	YDR302W	gpi11-5001	GPI11
Glycosylation, protein folding/targeting, cell wall biosynthesis	YBR070C	alg14-5001	ALG14
Glycosylation, protein folding/targeting, cell wall biosynthesis	YNL038W	gpi15-5001	GPI15
Glycosylation, protein folding/targeting, cell wall biosynthesis	YBR229C	rot2	ROT2
Glycosylation, protein folding/targeting, cell wall biosynthesis	YGL022W	stt3-2	STT3
Glycosylation, protein folding/targeting, cell wall biosynthesis	YGL084C	gup1	GUP1
Glycosylation, protein folding/targeting, cell wall biosynthesis	YJL174W	kre9-5001	KRE9
Glycosylation, protein folding/targeting, cell wall biosynthesis	YGR227W	die2	DIE2
Glycosylation, protein folding/targeting, cell wall biosynthesis	YML019W	ost6	OST6
Glycosylation, protein folding/targeting, cell wall biosynthesis	YFL025C	bst1	BST1
Glycosylation, protein folding/targeting, cell wall biosynthesis	YJL002C	ost1-6	OST1
Glycosylation, protein folding/targeting, cell wall biosynthesis	YGL226C-A	ost5	OST5
Glycosylation, protein folding/targeting, cell wall biosynthesis	YJL062W	las21	LAS21
Glycosylation, protein folding/targeting, cell wall biosynthesis	YDR525W	api2	API2
Glycosylation, protein folding/targeting, cell wall biosynthesis	YOR085W	ost3	OST3
Glycosylation, protein folding/targeting, cell wall biosynthesis	YJL091C	gwt1-20	GWT1
Glycosylation, protein folding/targeting, cell wall biosynthesis	YCR017C	cwh43	CWH43
Glycosylation, protein folding/targeting, cell wall biosynthesis	YPL076W	gpi2-774	GPI2
Glycosylation, protein folding/targeting, cell wall biosynthesis	YPL094C	sec62-ts	SEC62
Glycosylation, protein folding/targeting, cell wall biosynthesis	YBR015C	mnn2	MNN2
Glycosylation, protein folding/targeting, cell wall biosynthesis	YDR331W	gpi8-5001	GPI8
Glycosylation, protein folding/targeting, cell wall biosynthesis	YMR214W	scj1	SCJ1
Glycosylation, protein folding/targeting, cell wall biosynthesis	YAL058W	cne1	CNE1
Glycosylation, protein folding/targeting, cell wall biosynthesis	YLR087C	csf1	CSF1
Glycosylation, protein folding/targeting, cell wall biosynthesis	YLR111W	ylr111w	YLR111W
Glycosylation, protein folding/targeting, cell wall biosynthesis	YLR110C	ccw12	CCW12
Glycosylation, protein folding/targeting, cell wall biosynthesis	YBL105C	pkc1-2	PKC1
Glycosylation, protein folding/targeting, cell wall biosynthesis	YBL105C	pkc1-4	PKC1
Glycosylation, protein folding/targeting, cell wall biosynthesis	YBL105C	pkc1-3	PKC1
Glycosylation, protein folding/targeting, cell wall biosynthesis	YDL203C	ack1	ACK1
Glycosylation, protein folding/targeting, cell wall biosynthesis	YLR332W	mid2	MID2
Glycosylation, protein folding/targeting, cell wall biosynthesis	YJL095W	bck1	BCK1
Glycosylation, protein folding/targeting, cell wall biosynthesis	YGR196C	fyv8	FYV8
Glycosylation, protein folding/targeting, cell wall biosynthesis	YHR030C	slt2	SLT2
Glycosylation, protein folding/targeting, cell wall biosynthesis	YPL089C	rlm1	RLM1
Glycosylation, protein folding/targeting, cell wall biosynthesis	YGR217W	cch1	CCH1
Glycosylation, protein folding/targeting, cell wall biosynthesis	YKL190W	cnb1	CNB1
Glycosylation, protein folding/targeting, cell wall biosynthesis	YIR006C	pan1-4	PAN1
Glycosylation, protein folding/targeting, cell wall biosynthesis	YLR066W	spc3-4	SPC3
Glycosylation, protein folding/targeting, cell wall biosynthesis	YML130C	ero1-1	ERO1
Glycosylation, protein folding/targeting, cell wall biosynthesis	YMR052W	far3	FAR3
Glycosylation, protein folding/targeting, cell wall biosynthesis	YMR264W	cue1	CUE1
Glycosylation, protein folding/targeting, cell wall biosynthesis	YML097C	vps9	VPS9
Glycosylation, protein folding/targeting, cell wall biosynthesis	YDR456W	nhx1	NHX1
Glycosylation, protein folding/targeting, cell wall biosynthesis	YGL095C	vps45	VPS45
Glycosylation, protein folding/targeting, cell wall biosynthesis	YAL002W	vps8	VPS8
Glycosylation, protein folding/targeting, cell wall biosynthesis	YOR069W	vps5	VPS5
Glycosylation, protein folding/targeting, cell wall biosynthesis	YDL193W	nus1-5001	NUS1
Glycosylation, protein folding/targeting, cell wall biosynthesis	YIR022W	sec11-2	SEC11
Glycosylation, protein folding/targeting, cell wall biosynthesis	YDR373W	frq1-1	FRQ1
Glycosylation, protein folding/targeting, cell wall biosynthesis	YDR245W	mnn10	MNN10
Glycosylation, protein folding/targeting, cell wall biosynthesis	YDR437W	gpi19-2xh	GPI19
Glycosylation, protein folding/targeting, cell wall biosynthesis	YMR218C	trs130-5003	TRS130
Glycosylation, protein folding/targeting, cell wall biosynthesis	YOR149C	smp3-1	SMP3
Glycosylation, protein folding/targeting, cell wall biosynthesis	YMR149W	swp1-5004	SWP1
Glycosylation, protein folding/targeting, cell wall biosynthesis	YPL028W	erg10-1	ERG10
Glycosylation, protein folding/targeting, cell wall biosynthesis	YGL047W	alg13-5001	ALG13
Glycosylation, protein folding/targeting, cell wall biosynthesis	YLR100W	erg27-5001	ERG27
Glycosylation, protein folding/targeting, cell wall biosynthesis	YJL183W	mnn11	MNN11
Glycosylation, protein folding/targeting, cell wall biosynthesis	YLR242C	arv1	ARV1
Glycosylation, protein folding/targeting, cell wall biosynthesis	YNR030W	alg12	ALG12
Glycosylation, protein folding/targeting, cell wall biosynthesis	YNL322C	kre1	KRE1
Glycosylation, protein folding/targeting, cell wall biosynthesis	YJR073C	opi3	OPI3
Glycosylation, protein folding/targeting, cell wall biosynthesis	YDR162C	nbp2	NBP2
Glycosylation, protein folding/targeting, cell wall biosynthesis	YDR292C	srp101-47	SRP101
Glycosylation, protein folding/targeting, cell wall biosynthesis	YEL036C	anp1	ANP1
Glycosylation, protein folding/targeting, cell wall biosynthesis	YMR013C	sec59-ts	SEC59
Glycosylation, protein folding/targeting, cell wall biosynthesis	YAL053W	flc2	FLC2
Glycosylation, protein folding/targeting, cell wall biosynthesis	YAL058C-A	yal058c-a	YAL058C-A
Glycosylation, protein folding/targeting, cell wall biosynthesis	YEL031W	spf1	SPF1
Glycosylation, protein folding/targeting, cell wall biosynthesis	YDR320C	swa2	SWA2
Glycosylation, protein folding/targeting, cell wall biosynthesis	YLL031C	gpi13-4	GPI13
Glycosylation, protein folding/targeting, cell wall biosynthesis	YFL032W	yfl032w	YFL032W
Glycosylation, protein folding/targeting, cell wall biosynthesis	YMR239C	rnt1-47	RNT1
Glycosylation, protein folding/targeting, cell wall biosynthesis	YLL031C	gpi13-5	GPI13
Glycosylation, protein folding/targeting, cell wall biosynthesis	YER003C	pmi40-5001	PMI40
Glycosylation, protein folding/targeting, cell wall biosynthesis	YHR101C	big1-5001	BIG1
Glycosylation, protein folding/targeting, cell wall biosynthesis	YOL102C	tpt1-5001	TPT1
Glycosylation, protein folding/targeting, cell wall biosynthesis	YPL096C-A	eri1	ERI1
Glycosylation, protein folding/targeting, cell wall biosynthesis	YNL158W	pga1-5001	PGA1
Glycosylation, protein folding/targeting, cell wall biosynthesis	YER087C-A	yer087c-a	YER087C-A
Glycosylation, protein folding/targeting, cell wall biosynthesis	YEL042W	gda1	GDA1
Glycosylation, protein folding/targeting, cell wall biosynthesis	YDR310C	sum1	SUM1
Glycosylation, protein folding/targeting, cell wall biosynthesis	YJL139C	yur1	YUR1
Glycosylation, protein folding/targeting, cell wall biosynthesis	YNL219C	alg9	ALG9
Glycosylation, protein folding/targeting, cell wall biosynthesis	YFL031W	hac1	HAC1
Glycosylation, protein folding/targeting, cell wall biosynthesis	YBR109C	cmd1-3	CMD1
Glycosylation, protein folding/targeting, cell wall biosynthesis	YGR036C	cax4	CAX4
Glycosylation, protein folding/targeting, cell wall biosynthesis	YML115C	van1	VAN1
Glycosylation, protein folding/targeting, cell wall biosynthesis	YGL012W	erg4	ERG4
Glycosylation, protein folding/targeting, cell wall biosynthesis	YEL002C	wbp1-1	WBP1
Glycosylation, protein folding/targeting, cell wall biosynthesis	YJR143C	pmt4	PMT4
Glycosylation, protein folding/targeting, cell wall biosynthesis	YEL002C	wbp1-2	WBP1
Glycosylation, protein folding/targeting, cell wall biosynthesis	YPR183W	dpm1-6	DPM1
Glycosylation, protein folding/targeting, cell wall biosynthesis	YML012W	erv25	ERV25
Glycosylation, protein folding/targeting, cell wall biosynthesis	YER140W	emp65	EMP65
Glycosylation, protein folding/targeting, cell wall biosynthesis	YBR171W	sec66	SEC66
Glycosylation, protein folding/targeting, cell wall biosynthesis	YGL200C	emp24	EMP24
Glycosylation, protein folding/targeting, cell wall biosynthesis	YML055W	spc2	SPC2
Glycosylation, protein folding/targeting, cell wall biosynthesis	YHR079C	ire1	IRE1
Glycosylation, protein folding/targeting, cell wall biosynthesis	YLR292C	sec72	SEC72
Glycosylation, protein folding/targeting, cell wall biosynthesis	YBR200W	bem1	BEM1
Glycosylation, protein folding/targeting, cell wall biosynthesis	YLR371W	rom2	ROM2
Glycosylation, protein folding/targeting, cell wall biosynthesis	YDL006W	ptc1	PTC1
Glycosylation, protein folding/targeting, cell wall biosynthesis	YBR126C	tps1	TPS1
Glycosylation, protein folding/targeting, cell wall biosynthesis	YKL127W	pgm1	PGM1
Glycosylation, protein folding/targeting, cell wall biosynthesis	YBR011C	ipp1-5001	IPP1
Glycosylation, protein folding/targeting, cell wall biosynthesis	YDR524C-B	ydr524c-b	YDR524C-B
Glycosylation, protein folding/targeting, cell wall biosynthesis	YHR078W	yhr078w	YHR078W
Ribosome biogenesis	YHL033C	rpl8a	RPL8A
Ribosome biogenesis	YGL031C	rpl24a	RPL24A
Ribosome biogenesis	YOR167C	rps28a	RPS28A
Ribosome biogenesis	YIL133C	rpl16a	RPL16A
Ribosome biogenesis	YFR032C-A	rpl29	RPL29
Ribosome biogenesis	YDL130W	rpp1b	RPP1B
Ribosome biogenesis	YLR264W	rps28b	RPS28B
Ribosome biogenesis	YGR118W	rps23a	RPS23A
Ribosome biogenesis	YKR057W	rps21a	RPS21A
Ribosome biogenesis	YHR203C	rps4b	RPS4B
Ribosome biogenesis	YBR048W	rps11b	RPS11B
Ribosome biogenesis	YMR143W	rps16a	RPS16A
Ribosome biogenesis	YJL177W	rpl17b	RPL17B
Ribosome biogenesis	YJR094W-A	rpl43b	RPL43B
Ribosome biogenesis	YMR230W	rps10b	RPS10B
Ribosome biogenesis	YNL067W	rpl9b	RPL9B
Ribosome biogenesis	YNL096C	rps7b	RPS7B
Ribosome biogenesis	YGR214W	rps0a	RPS0A
Ribosome biogenesis	YBR181C	rps6b	RPS6B
Ribosome biogenesis	YCR031C	rps14a	RPS14A
Ribosome biogenesis	YOR294W	rrs1-124	RRS1
Ribosome biogenesis	YDL136W	rpl35b	RPL35B
Ribosome biogenesis	YBL087C	rpl23a	RPL23A
Ribosome biogenesis	YDL083C	rps16b	RPS16B
Ribosome biogenesis	YGR085C	rpl11b	RPL11B
Ribosome biogenesis	YDL062W	ydl062w	YDL062W
Ribosome biogenesis	YBR084C-A	rpl19a	RPL19A
Ribosome biogenesis	YGL105W	arc1	ARC1
Ribosome biogenesis	YDL063C	syo1	SYO1
Ribosome biogenesis	YEL054C	rpl12a	RPL12A
Ribosome biogenesis	YBR267W	rei1	REI1
Ribosome biogenesis	YML073C	rpl6a	RPL6A
Ribosome biogenesis	YGL147C	rpl9a	RPL9A
Ribosome biogenesis	YDR500C	rpl37b	RPL37B
Ribosome biogenesis	YML024W	rps17a	RPS17A
Ribosome biogenesis	YML063W	rps1b	RPS1B
Ribosome biogenesis	YLR061W	rpl22a	RPL22A
Ribosome biogenesis	YML026C	rps18b	RPS18B
Ribosome biogenesis	YNL302C	rps19b	RPS19B
Ribosome biogenesis	YOR182C	rps30b	RPS30B
Ribosome biogenesis	YMR194W	rpl36a	RPL36A
Ribosome biogenesis	YDR447C	rps17b	RPS17B
Ribosome biogenesis	YPL090C	rps6a	RPS6A
Ribosome biogenesis	YJL190C	rps22a	RPS22A
Ribosome biogenesis	YNL163C	ria1-ts	RIA1
Ribosome biogenesis	YOL121C	rps19a	RPS19A
Ribosome biogenesis	YDR471W	rpl27b	RPL27B
Ribosome biogenesis	YPL239W	yar1	YAR1
Ribosome biogenesis	YLR185W	rpl37a	RPL37A
Ribosome biogenesis	YBL072C	rps8a	RPS8A
Ribosome biogenesis	YER102W	rps8b	RPS8B
Ribosome biogenesis	YIL069C	rps24b	RPS24B
Ribosome biogenesis	YLR448W	rpl6b	RPL6B
Ribosome biogenesis	YLR388W	rps29a	RPS29A
Ribosome biogenesis	YOR312C	rpl20b	RPL20B
Ribosome biogenesis	YLR291C	gcd7-5001	GCD7
Ribosome biogenesis	YDR382W	rpp2b	RPP2B
Ribosome biogenesis	YPR016C	tif6-ts4	TIF6
Ribosome biogenesis	YDL061C	rps29b	RPS29B
Ribosome biogenesis	YLR048W	rps0b	RPS0B
Ribosome biogenesis	YER131W	rps26b	RPS26B
Ribosome biogenesis	YIL110W	hpm1	HPM1
Ribosome biogenesis	YLR441C	rps1a	RPS1A
Ribosome biogenesis	YOR293W	rps10a	RPS10A
Ribosome biogenesis	YLR287C-A	rps30a	RPS30A
Ribosome biogenesis	YPL079W	rpl21b	RPL21B
Ribosome biogenesis	YLR366W	ylr366w	YLR366W
Ribosome biogenesis	YOR183W	fyv12	FYV12
Ribosome biogenesis	YNL067W-B	ynl067w-b	YNL067W-B
Ribosome biogenesis	YEL055C	pol5-1	POL5
Ribosome biogenesis	YEL055C	pol5-3	POL5
Ribosome biogenesis	YDL159W-A	ydl159w-a	YDL159W-A
Ribosome biogenesis	YML108W	yml108w	YML108W
Ribosome biogenesis	YLR264C-A	ylr264c-a	YLR264C-A
Protein degradation/turnover	YHR166C	cdc23-4	CDC23
Protein degradation/turnover	YOR249C	apc5-ca	APC5
Protein degradation/turnover	YMR067C	ubx4	UBX4
Protein degradation/turnover	YER094C	pup3-5001	PUP3
Protein degradation/turnover	YDL126C	cdc48-9	CDC48
Protein degradation/turnover	YDL126C	cdc48-2	CDC48
Protein degradation/turnover	YDL097C	rpn6-5001	RPN6
Protein degradation/turnover	YPR103W	pre2-127	PRE2
Protein degradation/turnover	YOL038W	pre6-5001	PRE6
Protein degradation/turnover	YOR259C	rpt4-150	RPT4
Protein degradation/turnover	YPR108W	rpn7-3	RPN7
Protein degradation/turnover	YDL097C	rpn6-1	RPN6
Protein degradation/turnover	YOR157C	pup1-1	PUP1
Protein degradation/turnover	YGL048C	rpt6-25	RPT6
Protein degradation/turnover	YHR200W	rpn10	RPN10
Protein degradation/turnover	YGR135W	pre9	PRE9
Protein degradation/turnover	YFR004W	rpn11-14	RPN11
Protein degradation/turnover	YHR027C	rpn1-821	RPN1
Protein degradation/turnover	YFR050C	pre4-5001	PRE4
Protein degradation/turnover	YLR021W	irc25	IRC25
Protein degradation/turnover	YBL041W	pre7-5001	PRE7
Protein degradation/turnover	YPR103W	pre2-2	PRE2
Protein degradation/turnover	YGL048C	rpt6-20	RPT6
Protein degradation/turnover	YDL020C	rpn4	RPN4
Protein degradation/turnover	YPL144W	poc4	POC4
Protein degradation/turnover	YGL011C	scl1-5001	SCL1
Protein degradation/turnover	YLR199C	pba1	PBA1
Protein degradation/turnover	YKL145W	rpt1-1	RPT1
Protein degradation/turnover	YPR103W	pre2-75	PRE2
Protein degradation/turnover	YFR052W	rpn12-1	RPN12
Protein degradation/turnover	YDR394W	rpt3-1	RPT3
Protein degradation/turnover	YDL147W	rpn5-1	RPN5
Protein degradation/turnover	YFR004W	rpn11-8	RPN11
Protein degradation/turnover	YOR362C	pre10-5001	PRE10
Protein degradation/turnover	YOR259C	rpt4-145	RPT4
Protein degradation/turnover	YBR134W	ybr134w	YBR134W
Protein degradation/turnover	YML033W	yml033w	YML033W
Protein degradation/turnover	YFR036W	cdc26-1	CDC26
Protein degradation/turnover	YDR117C	tma64	TMA64
Protein degradation/turnover	YLR127C	apc2-8	APC2
Protein degradation/turnover	YDL007W	rpt2-rf	RPT2
Protein degradation/turnover	YFR010W	ubp6	UBP6
Protein degradation/turnover	YBR173C	ump1	UMP1
Protein degradation/turnover	YGR253C	pup2-5001	PUP2
Protein degradation/turnover	YBR082C	ubc4	UBC4
Protein degradation/turnover	YDL126C	cdc48-3	CDC48
Protein degradation/turnover	YDR054C	cdc34-1	CDC34
Protein degradation/turnover	YPR103W	pre2-1	PRE2
Protein degradation/turnover	YDL126C	cdc48-1	CDC48
Protein degradation/turnover	YOL013C	hrd1	HRD1
Protein degradation/turnover	YGL048C	rpt6-1	RPT6
Protein degradation/turnover	YGL141W	hul5	HUL5
Protein degradation/turnover	YKL213C	doa1	DOA1
Protein degradation/turnover	YDL147W	rpn5-5001	RPN5
Protein degradation/turnover	YPR103W	pre2-v214a	PRE2
Protein degradation/turnover	YDR363W-A	sem1	SEM1
Protein degradation/turnover	YMR060C	sam37	SAM37
Protein degradation/turnover	YGL097W	srm1-g282s	SRM1
Protein degradation/turnover	YDR335W	msn5	MSN5
Cytokinesis	YJR076C	cdc11-4	CDC11
Cytokinesis	YJR076C	cdc11-5	CDC11
Cytokinesis	YCR002C	cdc10-4	CDC10
Cytokinesis	YCR002C	cdc10-1	CDC10
Cytokinesis	YLR314C	cdc3-1	CDC3
Cytokinesis	YHR107C	cdc12-1	CDC12
Cytokinesis	YJR076C	cdc11-1	CDC11
Cytokinesis	YLR314C	cdc3-3	CDC3
Cytokinesis	YJR076C	cdc11-3	CDC11
Cytokinesis	YJR076C	cdc11-2	CDC11
Cytokinesis	YCR002C	cdc10-2	CDC10
Cytokinesis	YHR107C	cdc12-td	CDC12
Cytokinesis	YIL141W	yil141w	YIL141W
Nuclear-cytoplasmic transport	YGL092W	nup145-r4	NUP145
Nuclear-cytoplasmic transport	YLR347C	kap95-e126k	KAP95
Nuclear-cytoplasmic transport	YLR293C	gsp1-p162l	GSP1
Nuclear-cytoplasmic transport	YNL140C	ynl140c	YNL140C
Nuclear-cytoplasmic transport	YHR167W	thp2	THP2
Nuclear-cytoplasmic transport	YJL039C	nup192-15	NUP192
Nuclear-cytoplasmic transport	YLR018C	pom34	POM34
Nuclear-cytoplasmic transport	YHR036W	brl1-3231	BRL1
Nuclear-cytoplasmic transport	YLR335W	nup2	NUP2
Nuclear-cytoplasmic transport	YDL088C	asm4	ASM4
Nuclear-cytoplasmic transport	YDR002W	yrb1-51	YRB1
Nuclear-cytoplasmic transport	YAR002W	nup60	NUP60
Nuclear-cytoplasmic transport	YKR082W	nup133	NUP133
Nuclear-cytoplasmic transport	YHR036W	brl1-k405i	BRL1
Nuclear-cytoplasmic transport	YMR153C-A	ymr153c-a	YMR153C-A
Nuclear-cytoplasmic transport	YHR036W	brl1-c371s	BRL1
Nuclear-cytoplasmic transport	YML103C	nup188	NUP188
Nuclear-cytoplasmic transport	YIL115C	nup159-1	NUP159
Nuclear-cytoplasmic transport	YMR235C	rna1-s116f	RNA1
Nuclear-cytoplasmic transport	YJR042W	nup85-5001	NUP85
Nuclear-cytoplasmic transport	YMR153W	nup53	NUP53
Nuclear-cytoplasmic transport	YKL069W	ykl069w	YKL069W
Nuclear-cytoplasmic transport	YGL238W	cse1-5002	CSE1
Nuclear-cytoplasmic transport	YER105C	nup157	NUP157
Nuclear-cytoplasmic transport	YMR129W	pom152	POM152
Nuclear-cytoplasmic transport	YER009W	ntf2-h104y	NTF2
Nuclear-cytoplasmic transport	YDR192C	nup42	NUP42
Nuclear-cytoplasmic transport	YGR119C	nup57-e17	NUP57
Nuclear-cytoplasmic transport	YJR074W	mog1	MOG1
Nuclear-cytoplasmic transport	YOR046C	dbp5-1	DBP5
Nuclear-cytoplasmic transport	YGR081C	slx9	SLX9
Nuclear-cytoplasmic transport	YBL079W	nup170	NUP170
Nuclear-cytoplasmic transport	YER107C	gle2	GLE2
Nuclear-cytoplasmic transport	YER009W	ntf2-5001	NTF2
Nuclear-cytoplasmic transport	YDL084W	sub2-1	SUB2
Nuclear-cytoplasmic transport	YGL097W	srm1-ts	SRM1
Nuclear-cytoplasmic transport	YJL061W	nup82-5004	NUP82
Nuclear-cytoplasmic transport	YDR159W	sac3	SAC3
Nuclear-cytoplasmic transport	YER165W	pab1-5002	PAB1
MVB sorting and pH depending signaling	YMR154C	rim13	RIM13
MVB sorting and pH depending signaling	YMR063W	rim9	RIM9
MVB sorting and pH depending signaling	YGL045W	rim8	RIM8
MVB sorting and pH depending signaling	YOR275C	rim20	RIM20
MVB sorting and pH depending signaling	YPL065W	vps28	VPS28
MVB sorting and pH depending signaling	YCL008C	stp22	STP22
MVB sorting and pH depending signaling	YLR119W	srn2	SRN2
MVB sorting and pH depending signaling	YLR396C	vps33	VPS33
MVB sorting and pH depending signaling	YOR030W	dfg16	DFG16
MVB sorting and pH depending signaling	YNL294C	rim21	RIM21
MVB sorting and pH depending signaling	YKL002W	did4	DID4
MVB sorting and pH depending signaling	YHL027W	rim101	RIM101
MVB sorting and pH depending signaling	YMR077C	vps20	VPS20
MVB sorting and pH depending signaling	YPR173C	vps4	VPS4
MVB sorting and pH depending signaling	YNR006W	vps27	VPS27
MVB sorting and pH depending signaling	YKL041W	vps24	VPS24
MVB sorting and pH depending signaling	YJR102C	vps25	VPS25
MVB sorting and pH depending signaling	YLR417W	vps36	VPS36
MVB sorting and pH depending signaling	YGR122W	ygr122w	YGR122W
MVB sorting and pH depending signaling	YPL045W	vps16	VPS16
MVB sorting and pH depending signaling	YDR495C	vps3	VPS3
mRNA & tRNA processing	YML046W	prp39-1	PRP39
mRNA & tRNA processing	YMR268C	prp24-ts	PRP24
mRNA & tRNA processing	YLR117C	clf1-1	CLF1
mRNA & tRNA processing	YPR094W	rds3-1	RDS3
mRNA & tRNA processing	YFR005C	sad1-1	SAD1
mRNA & tRNA processing	YLR298C	yhc1-1	YHC1
mRNA & tRNA processing	YBR064W	ybr064w	YBR064W
mRNA & tRNA processing	YHR086W	nam8	NAM8
mRNA & tRNA processing	YOR308C	snu66	SNU66
mRNA & tRNA processing	YDL087C	luc7-1	LUC7
mRNA & tRNA processing	YDR473C	prp3-1	PRP3
mRNA & tRNA processing	YDL030W	prp9-1	PRP9
mRNA & tRNA processing	YPR178W	prp4-ts	PRP4
mRNA & tRNA processing	YDR243C	prp28-101	PRP28
mRNA & tRNA processing	YKL173W	snu114-40	SNU114
mRNA & tRNA processing	YIR005W	ist3	IST3
mRNA & tRNA processing	YGL174W	bud13	BUD13
mRNA & tRNA processing	YBR237W	prp5-1	PRP5
mRNA & tRNA processing	YKL074C	mud2	MUD2
mRNA & tRNA processing	YNL147W	lsm7	LSM7
mRNA & tRNA processing	YDR482C	cwc21	CWC21
mRNA & tRNA processing	YJL203W	prp21-ts	PRP21
mRNA & tRNA processing	YBL074C	aar2-5001	AAR2
mRNA & tRNA processing	YKL173W	snu114-60	SNU114
mRNA & tRNA processing	YBL026W	lsm2-5001	LSM2
mRNA & tRNA processing	YML049C	rse1-1	RSE1
mRNA & tRNA processing	YBR188C	ntc20	NTC20
mRNA & tRNA processing	YGL120C	prp43-ts2	PRP43
mRNA & tRNA processing	YLR298C	yhc1-8	YHC1
mRNA & tRNA processing	YLR016C	pml1	PML1
mRNA & tRNA processing	YPR057W	brr1	BRR1
mRNA & tRNA processing	YDL043C	prp11-ts	PRP11
mRNA & tRNA processing	YMR213W	cef1-13	CEF1
mRNA & tRNA processing	YDR378C	lsm6	LSM6
mRNA & tRNA processing	YGR013W	snu71-5001	SNU71
mRNA & tRNA processing	YBR119W	mud1	MUD1
mRNA & tRNA processing	YDR416W	syf1-5001	SYF1
mRNA & tRNA processing	YGR129W	syf2	SYF2
mRNA & tRNA processing	YJR050W	isy1	ISY1
mRNA & tRNA processing	YNR004W	swm2	SWM2
mRNA & tRNA processing	YGR006W	prp18-ts	PRP18
mRNA & tRNA processing	YPL178W	cbc2	CBC2
mRNA & tRNA processing	YGR091W	prp31-ts	PRP31
mRNA & tRNA processing	YDR240C	snu56-5001	SNU56
mRNA & tRNA processing	YDL098C	snu23-5001	SNU23
mRNA & tRNA processing	YNR011C	prp2-1	PRP2
mRNA & tRNA processing	YNR032C-A	hub1	HUB1
mRNA & tRNA processing	YGR006W	prp18-1202	PRP18
mRNA & tRNA processing	YGR075C	prp38-1	PRP38
mRNA & tRNA processing	YDR235W	prp42-5001	PRP42
mRNA & tRNA processing	YHR156C	lin1	LIN1
mRNA & tRNA processing	YBR055C	prp6-1	PRP6
mRNA & tRNA processing	YPR101W	snt309	SNT309
mRNA & tRNA processing	YER013W	prp22-1	PRP22
mRNA & tRNA processing	YLR323C	cwc24-5004	CWC24
mRNA & tRNA processing	YPR152C	urn1	URN1
mRNA & tRNA processing	YLR298C	yhc1-2	YHC1
mRNA & tRNA processing	YDR088C	slu7-ts1	SLU7
mRNA & tRNA processing	YMR240C	cus1-3	CUS1
mRNA & tRNA processing	YKR086W	prp16-2	PRP16
mRNA & tRNA processing	YKL095W	yju2-5001	YJU2
mRNA & tRNA processing	YBR152W	spp381-5001	SPP381
mRNA & tRNA processing	YPL151C	prp46-5001	PRP46
mRNA & tRNA processing	YLR116W	msl5-5001	MSL5
mRNA & tRNA processing	YLR323C	cwc24-5018	CWC24
mRNA & tRNA processing	YGR091W	prp31-1	PRP31
mRNA & tRNA processing	YDR088C	slu7-ts2	SLU7
mRNA & tRNA processing	YPL213W	lea1	LEA1
mRNA & tRNA processing	YHR062C	rpp1-5003	RPP1
mRNA & tRNA processing	YPL157W	tgs1	TGS1
mRNA & tRNA processing	YBR055C	prp6-ts	PRP6
mRNA & tRNA processing	YDL051W	lhp1	LHP1
mRNA & tRNA processing	YLR116W	msl5-9	MSL5
mRNA & tRNA processing	YGR278W	cwc22-5001	CWC22
mRNA & tRNA processing	YPR178W	prp4-1	PRP4
mRNA & tRNA processing	YPL064C	cwc27	CWC27
mRNA & tRNA processing	YDL050C	ydl050c	YDL050C
mRNA & tRNA processing	YGR047C	tfc4-5001	TFC4
mRNA & tRNA processing	YJL011C	rpc17-5001	RPC17
mRNA & tRNA processing	YBR167C	pop7-5001	POP7
mRNA & tRNA processing	YPR190C	rpc82-5001	RPC82
mRNA & tRNA processing	YNR003C	rpc34-1	RPC34
mRNA & tRNA processing	YDR045C	rpc11-5001	RPC11
mRNA & tRNA processing	YDL150W	rpc53-5001	RPC53
mRNA & tRNA processing	YBR123C	tfc1-e447k	TFC1
mRNA & tRNA processing	YOR116C	rpo31-698	RPO31
mRNA & tRNA processing	YPL007C	tfc8-5001	TFC8
mRNA & tRNA processing	YGL245W	gus1-5001	GUS1
mRNA & tRNA processing	YHR157W	rec104	REC104
mRNA & tRNA processing	YOR224C	rpb8-5001	RPB8
mRNA & tRNA processing	YOR341W	rpa190-1	RPA190
mRNA & tRNA processing	YPL164C	mlh3	MLH3
mRNA & tRNA processing	YLR259C	hsp60-5005	HSP60
mRNA & tRNA processing	YDR450W	rps18a	RPS18A
mRNA & tRNA processing	YDL060W	tsr1-5004	TSR1
mRNA & tRNA processing	YGR276C	rnh70	RNH70
tRNA wobble modification	YOR251C	tum1	TUM1
tRNA wobble modification	YLR384C	iki3	IKI3
tRNA wobble modification	YHR111W	uba4	UBA4
tRNA wobble modification	YPL102C	ypl102c	YPL102C
tRNA wobble modification	YPL101W	elp4	ELP4
tRNA wobble modification	YNL119W	ncs2	NCS2
tRNA wobble modification	YIL008W	urm1	URM1
tRNA wobble modification	YMR312W	elp6	ELP6
tRNA wobble modification	YPL086C	elp3	ELP3
tRNA wobble modification	YGR200C	elp2	ELP2
tRNA wobble modification	YKL110C	kti12	KTI12
tRNA wobble modification	YGL211W	ncs6	NCS6
tRNA wobble modification	YNL120C	ynl120c	YNL120C
tRNA wobble modification	YAL020C	ats1	ATS1
tRNA wobble modification	YHR187W	iki1	IKI1
tRNA wobble modification	YPL204W	hrr25-5001	HRR25
Peroxisome	YOL044W	pex15	PEX15
Peroxisome	YDR244W	pex5	PEX5
Peroxisome	YDL065C	pex19	PEX19
Peroxisome	YKL197C	pex1	PEX1
Peroxisome	YMR026C	pex12	PEX12
Peroxisome	YLR191W	pex13	PEX13
Peroxisome	YGL153W	pex14	PEX14
Peroxisome	YDR329C	pex3	PEX3
Peroxisome	YAL055W	pex22	PEX22
Peroxisome	YGR077C	pex8	PEX8
Peroxisome	YDR265W	pex10	PEX10
Peroxisome	YGR133W	pex4	PEX4
Peroxisome	YJL210W	pex2	PEX2
Peroxisome	YGL152C	ygl152c	YGL152C
Peroxisome	YJL211C	yjl211c	YJL211C
Peroxisome	YMR204C	inp1	INP1
Peroxisome	YNL329C	pex6	PEX6
Peroxisome	YPL112C	pex25	PEX25
Peroxisome	YGR263C	say1	SAY1
Peroxisome	YGR286C	bio2	BIO2
Peroxisome	YBR169C	sse2	SSE2
Peroxisome	YDR313C	pib1	PIB1
Peroxisome	YMR071C	tvp18	TVP18
Peroxisome	YEL049W	pau2	PAU2
Metabolism	YKL055C	oar1	OAR1
Metabolism	YBR026C	etr1	ETR1
Metabolism	YOR221C	mct1	MCT1
Metabolism	YHR067W	htd2	HTD2
Metabolism	YER061C	cem1	CEM1
Metabolism	YLR239C	lip2	LIP2
Metabolism	YJL046W	aim22	AIM22
Metabolism	YHR002W	leu5	LEU5
Metabolism	YMR207C	hfa1	HFA1
Metabolism	YER178W	pda1	PDA1
Metabolism	YDR148C	kgd2	KGD2
DNA replication & repair	YPL194W	ddc1	DDC1
DNA replication & repair	YJL072C	psf2-5001	PSF2
DNA replication & repair	YDL102W	cdc2-2	POL3
DNA replication & repair	YDR489W	sld5-5001	SLD5
DNA replication & repair	YBR098W	mms4	MMS4
DNA replication & repair	YDL102W	cdc2-1	POL3
DNA replication & repair	YLR103C	cdc45-27	CDC45
DNA replication & repair	YDR076W	rad55	RAD55
DNA replication & repair	YER173W	rad24	RAD24
DNA replication & repair	YDR052C	dbf4-ts	DBF4
DNA replication & repair	YOR025W	hst3	HST3
DNA replication & repair	YGL113W	sld3-5001	SLD3
DNA replication & repair	YLR135W	slx4	SLX4
DNA replication & repair	YNL102W	pol1-2	POL1
DNA replication & repair	YOR368W	rad17	RAD17
DNA replication & repair	YER095W	rad51	RAD51
DNA replication & repair	YDR217C	rad9	RAD9
DNA replication & repair	YBL035C	pol12-ts	POL12
DNA replication & repair	YNL102W	pol1-1	POL1
DNA replication & repair	YJR046W	tah11-ts	TAH11
DNA replication & repair	YDR386W	mus81	MUS81
DNA replication & repair	YNL102W	pol1-13	POL1
DNA replication & repair	YBR060C	orc2-4	ORC2
DNA replication & repair	YDR013W	psf1-1	PSF1
DNA replication & repair	YML032C	rad52	RAD52
DNA replication & repair	YBR228W	slx1	SLX1
DNA replication & repair	YBL023C	mcm2-1	MCM2
DNA replication & repair	YDR052C	dbf4-1	DBF4
DNA replication & repair	YDR363W	esc2	ESC2
DNA replication & repair	YKL045W	pri2-1	PRI2
DNA replication & repair	YJL115W	asf1	ASF1
DNA replication & repair	YKL113C	rad27	RAD27
DNA replication & repair	YDL017W	cdc7-1	CDC7
DNA replication & repair	YDL102W	cdc2-7	POL3
DNA replication & repair	YDL105W	nse4-ts3	NSE4
DNA replication & repair	YLR007W	nse1-16	NSE1
DNA replication & repair	YDL105W	nse4-ts2	NSE4
DNA replication & repair	YDL105W	nse4-ts1	NSE4
DNA replication & repair	YDR288W	nse3-ts4	NSE3
DNA replication & repair	YDL105W	nse4-ts4	NSE4
DNA replication & repair	YDR510W	smt3-331	SMT3
DNA replication & repair	YPL020C	ulp1-333	ULP1
DNA replication & repair	YDL064W	ubc9-2	UBC9
DNA replication & repair	YBR060C	orc2-1	ORC2
DNA replication & repair	YFL009W	cdc4-2	CDC4
DNA replication & repair	YDR004W	rad57	RAD57
DNA replication & repair	YGL163C	rad54	RAD54
DNA replication & repair	YNL218W	mgs1	MGS1
DNA replication & repair	YDR082W	stn1-13	STN1
DNA replication & repair	YBR278W	dpb3	DPB3
DNA replication & repair	YPL024W	rmi1	RMI1
DNA replication & repair	YNL102W	pol1-17	POL1
DNA replication & repair	YJR006W	pol31-5001	POL31
DNA replication & repair	YOL094C	rfc4-20	RFC4
DNA replication & repair	YPR019W	mcm4-5001	MCM4
DNA replication & repair	YOR080W	dia2	DIA2
DNA replication & repair	YEL032W	mcm3-1	MCM3
DNA replication & repair	YER116C	slx8	SLX8
DNA replication & repair	YJR006W	hys2-ts	POL31
DNA replication & repair	YLR288C	mec3	MEC3
DNA replication & repair	YIL150C	mcm10-1	MCM10
DNA replication & repair	YNL250W	rad50	RAD50
DNA replication & repair	YLR383W	smc6-9	SMC6
DNA replication & repair	YGL175C	sae2	SAE2
DNA replication & repair	YHR031C	rrm3	RRM3
DNA replication & repair	YJR057W	cdc8-1	CDC8
DNA replication & repair	YNL312W	rfa2-ph	RFA2
DNA replication & repair	YBR277C	ybr277c	YBR277C
DNA replication & repair	YER038C	kre29-ts2	KRE29
DNA replication & repair	YNL102W	pol1-ts	POL1
DNA replication & repair	YMR224C	mre11	MRE11
DNA replication & repair	YDR121W	dpb4	DPB4
DNA replication & repair	YLR154C	rnh203	RNH203
DNA replication & repair	YDR279W	rnh202	RNH202
DNA replication & repair	YPR164W	mms1	MMS1
DNA replication & repair	YLL002W	rtt109	RTT109
DNA replication & repair	YPR056W	tfb4-5001	TFB4
DNA replication & repair	YNL072W	rnh201	RNH201
DNA replication & repair	YNL262W	pol2-12	POL2
DNA replication & repair	YNL240C	nar1-5001	NAR1
DNA replication & repair	YPR048W	tah18-5003	TAH18
DNA replication & repair	YHR122W	cia2-5001	YHR122W
DNA replication & repair	YML023C	nse5-ts3	NSE5
DNA replication & repair	YML023C	nse5-ts2	NSE5
DNA replication & repair	YOL034W	smc5-6	SMC5
DNA replication & repair	YEL019C	mms21-1	MMS21
DNA replication & repair	YDL105W	nse4-5001	NSE4
DNA replication & repair	YML023C	nse5-ts4	NSE5
DNA replication & repair	YDR288W	nse3-ts3	NSE3
DNA replication & repair	YDL162C	ydl162c	YDL162C
DNA replication & repair	YDR510W	smt3aiir	SMT3
DNA replication & repair	YDR409W	siz1	SIZ1
DNA replication & repair	YML066C	sma2	SMA2
DNA replication & repair	YDR225W	hta1	HTA1
DNA replication & repair	YGR270W	yta7	YTA7
Vesicle traffic	YJL154C	vps35	VPS35
Vesicle traffic	YMR004W	mvp1	MVP1
Vesicle traffic	YJL024C	aps3	APS3
Vesicle traffic	YOR132W	vps17	VPS17
Vesicle traffic	YLL040C	vps13	VPS13
Vesicle traffic	YBR288C	apm3	APM3
Vesicle traffic	YGR261C	apl6	APL6
Vesicle traffic	YOR216C	rud3	RUD3
Vesicle traffic	YMR292W	got1	GOT1
Vesicle traffic	YDR108W	trs85	TRS85
Vesicle traffic	YER084W	yer084w	YER084W
Vesicle traffic	YOL111C	mdy2	MDY2
Vesicle traffic	YDL100C	get3	GET3
Vesicle traffic	YER083C	get2	GET2
Vesicle traffic	YLR268W	sec22-1	SEC22
Vesicle traffic	YLR269C	ylr269c	YLR269C
Vesicle traffic	YGL054C	erv14	ERV14
Vesicle traffic	YGL020C	get1	GET1
Vesicle traffic	YDR203W	ydr203w	YDR203W
Vesicle traffic	YLR261C	vps63	VPS63
Vesicle traffic	YPL051W	arl3	ARL3
Vesicle traffic	YJL004C	sys1	SYS1
Vesicle traffic	YOR109W	inp53	INP53
Vesicle traffic	YLR309C	imh1	IMH1
Vesicle traffic	YNL041C	cog6	COG6
Vesicle traffic	YOR070C	gyp1	GYP1
Vesicle traffic	YKR020W	vps51	VPS51
Vesicle traffic	YBR164C	arl1	ARL1
Vesicle traffic	YLR262C	ypt6	YPT6
Vesicle traffic	YGL005C	cog7	COG7
Vesicle traffic	YJR033C	rav1	RAV1
Vesicle traffic	YNL051W	cog5	COG5
Vesicle traffic	YLR039C	ric1	RIC1
Vesicle traffic	YML071C	cog8	COG8
Vesicle traffic	YMR197C	vti1-2	VTI1
Vesicle traffic	YLR026C	sed5-1	SED5
Vesicle traffic	YBL102W	sft2	SFT2
Vesicle traffic	YFR051C	ret2-1	RET2
Vesicle traffic	YLR078C	bos1-1	BOS1
Vesicle traffic	YBR080C	sec18-1	SEC18
Vesicle traffic	YDR246W	trs23-5001	TRS23
Vesicle traffic	YFL038C	ypt1-3	YPT1
Vesicle traffic	YDR189W	sly1-ts	SLY1
Vesicle traffic	YDR238C	sec26-11d26	SEC26
Vesicle traffic	YBR254C	trs20-5001	TRS20
Vesicle traffic	YOR007C	sgt2	SGT2
Vesicle traffic	YML077W	bet5-5001	BET5
Vesicle traffic	YKL196C	ykt6-5001	YKT6
Vesicle traffic	YDL058W	uso1-1	USO1
Vesicle traffic	YBL050W	sec17-1	SEC17
Vesicle traffic	YDR238C	sec26-f856aw860a	SEC26
Vesicle traffic	YGR172C	yip1-4	YIP1
Vesicle traffic	YGR120C	cog2-1	COG2
Vesicle traffic	YKR068C	bet3-5001	BET3
Vesicle traffic	YER157W	cog3-2	COG3
Vesicle traffic	YGL137W	sec27-1	SEC27
Vesicle traffic	YER157W	cog3-1	COG3
Vesicle traffic	YOR164C	get4	GET4
Vesicle traffic	YPL010W	ret3-1	RET3
Vesicle traffic	YKR019C	irs4	IRS4
Vesicle traffic	YJR060W	cbf1	CBF1
Vesicle traffic	YMR274C	rce1	RCE1
Vesicle traffic	YGR089W	nnf2	NNF2
Vesicle traffic	YLR267W	bop2	BOP2
Vesicle traffic	YJL123C	mtc1	MTC1
Vesicle traffic	YER151C	ubp3	UBP3
Vesicle traffic	YNR051C	bre5	BRE5
Vesicle traffic	YGL145W	tip20-5	TIP20
Vesicle traffic	YLR440C	sec39-1	SEC39
Vesicle traffic	YFL039C	act1-111	ACT1
Vesicle traffic	YJR032W	cpr7	CPR7
Vesicle traffic	YLR268W	sec22	SEC22
Vesicle traffic	YLR268W	sec22-3	SEC22
Vesicle traffic	YAR002C-A	erp1	ERP1
Vesicle traffic	YIL076W	sec28	SEC28
Vesicle traffic	YPR051W	mak3	MAK3
Vesicle traffic	YKR030W	gmh1	GMH1
Vesicle traffic	YDR153C	ent5	ENT5
Vesicle traffic	YMR123W	pkr1	PKR1
Vesicle traffic	YEL051W	vma8	VMA8
Vesicle traffic	YDR202C	rav2	RAV2
Vesicle traffic	YPL069C	bts1	BTS1
Vesicle traffic	YDR137W	rgp1	RGP1
Vesicle traffic	YOR075W	ufe1-1	UFE1
Vesicle traffic	YPR176C	bet2-1	BET2
Vesicle traffic	YDR498C	sec20-1	SEC20
Vesicle traffic	YLR440C	sec39-5001	SEC39
Vesicle traffic	YMR197C	vti1-11	VTI1
Vesicle traffic	YJL029C	vps53	VPS53
Vesicle traffic	YLR440C	sec39-2	SEC39
Vesicle traffic	YEL053C	mak10	MAK10
Vesicle traffic	YNL267W	pik1-104	PIK1
Vesicle traffic	YDL115C	iwr1	IWR1
Vesicle traffic	YLR430W	sen1-1	SEN1
Vesicle traffic	YEL043W	yel043w	YEL043W
Transcription & chromatin organization	YDR392W	spt3	SPT3
Transcription & chromatin organization	YPL182C	ypl182c	YPL182C
Transcription & chromatin organization	YPL228W	cet1-2	CET1
Transcription & chromatin organization	YGL130W	ceg1-3	CEG1
Transcription & chromatin organization	YPL228W	cet1-1	CET1
Transcription & chromatin organization	YGL130W	ceg1-ts	CEG1
Transcription & chromatin organization	YHR058C	med6-5001	MED6
Transcription & chromatin organization	YOL135C	med7-163	MED7
Transcription & chromatin organization	YBR193C	med8-39	MED8
Transcription & chromatin organization	YDL108W	kin28-ts	KIN28
Transcription & chromatin organization	YPR086W	sua7-c149r	SUA7
Transcription & chromatin organization	YBR193C	med8-51	MED8
Transcription & chromatin organization	YDR527W	rba50-5001	RBA50
Transcription & chromatin organization	YPR086W	sua7-5001	SUA7
Transcription & chromatin organization	YOR262W	gpn2-5001	GPN2
Transcription & chromatin organization	YDL140C	rpo21-1	RPO21
Transcription & chromatin organization	YMR039C	sub1	SUB1
Transcription & chromatin organization	YOR174W	med4-6	MED4
Transcription & chromatin organization	YJL128C	pbs2	PBS2
Transcription & chromatin organization	YGL151W	nut1	NUT1
Transcription & chromatin organization	YDR145W	taf12-w486stop	TAF12
Transcription & chromatin organization	YDR145W	taf12-9	TAF12
Transcription & chromatin organization	YML098W	taf13-1	TAF13
Transcription & chromatin organization	YOR194C	toa1-5001	TOA1
Transcription & chromatin organization	YBR198C	taf5-3	TAF5
Transcription & chromatin organization	YPR070W	med1	MED1
Transcription & chromatin organization	YBR198C	taf5-15	TAF5
Transcription & chromatin organization	YML015C	taf11-ts2	TAF11
Transcription & chromatin organization	YGL112C	taf6-ts	TAF6
Transcription & chromatin organization	YMR005W	taf4-18	TAF4
Transcription & chromatin organization	YMR236W	taf9-ts2	TAF9
Transcription & chromatin organization	YML098W	taf13-2	TAF13
Transcription & chromatin organization	YDR145W	taf12-ts23	TAF12
Transcription & chromatin organization	YCR033W	snt1	SNT1
Transcription & chromatin organization	YLR085C	arp6	ARP6
Transcription & chromatin organization	YLR418C	cdc73	CDC73
Transcription & chromatin organization	YGL194C	hos2	HOS2
Transcription & chromatin organization	YOR123C	leo1	LEO1
Transcription & chromatin organization	YJL168C	set2	SET2
Transcription & chromatin organization	YAL011W	swc3	SWC3
Transcription & chromatin organization	YPR023C	eaf3	EAF3
Transcription & chromatin organization	YDR334W	swr1	SWR1
Transcription & chromatin organization	YMR075W	rco1	RCO1
Transcription & chromatin organization	YDR485C	vps72	VPS72
Transcription & chromatin organization	YML041C	vps71	VPS71
Transcription & chromatin organization	YKR029C	set3	SET3
Transcription & chromatin organization	YBR103W	sif2	SIF2
Transcription & chromatin organization	YFR037C	rsc8-ts16	RSC8
Transcription & chromatin organization	YJL169W	yjl169w	YJL169W
Transcription & chromatin organization	YDR228C	pcf11-ts2	PCF11
Transcription & chromatin organization	YDR228C	pcf11-2	PCF11
Transcription & chromatin organization	YMR061W	rna14-5001	RNA14
Transcription & chromatin organization	YGL044C	rna15-58	RNA15
Transcription & chromatin organization	YDR228C	pcf11-ts10	PCF11
Transcription & chromatin organization	YPR161C	sgv1-80	SGV1
Transcription & chromatin organization	YPR161C	sgv1-35	SGV1
Transcription & chromatin organization	YMR075C-A	ymr075c-a	YMR075C-A
Transcription & chromatin organization	YDR290W	ydr290w	YDR290W
Transcription & chromatin organization	YMR070W	mot3	MOT3
Transcription & chromatin organization	YMR263W	sap30	SAP30
Transcription & chromatin organization	YIL084C	sds3	SDS3
Transcription & chromatin organization	YNL097C	pho23	PHO23
Transcription & chromatin organization	YPL055C	lge1	LGE1
Transcription & chromatin organization	YDR469W	sdc1	SDC1
Transcription & chromatin organization	YOL004W	sin3	SIN3
Transcription & chromatin organization	YLR015W	bre2	BRE2
Transcription & chromatin organization	YLR055C	spt8	SPT8
Transcription & chromatin organization	YDL076C	rxt3	RXT3
Transcription & chromatin organization	YPL139C	ume1	UME1
Transcription & chromatin organization	YBR175W	swd3	SWD3
Transcription & chromatin organization	YGR002C	swc4-4	SWC4
Transcription & chromatin organization	YML127W	rsc9-5001	RSC9
Transcription & chromatin organization	YAR003W	swd1	SWD1
Transcription & chromatin organization	YGL058W	rad6	RAD6
Transcription & chromatin organization	YJL081C	arp4-g161d	ARP4
Transcription & chromatin organization	YBR095C	rxt2	RXT2
Transcription & chromatin organization	YDL074C	bre1	BRE1
Transcription & chromatin organization	YGL244W	rtf1	RTF1
Transcription & chromatin organization	YOL012C	htz1	HTZ1
Transcription & chromatin organization	YJR093C	fip1-5001	FIP1
Transcription & chromatin organization	YGL130W	ceg1-34	CEG1
Transcription & chromatin organization	YPL228W	cet1-15	CET1
Transcription & chromatin organization	YPL011C	taf3-5002	TAF3
Transcription & chromatin organization	YGL127C	soh1	SOH1
Transcription & chromatin organization	YPR025C	ccl1-ts4	CCL1
Transcription & chromatin organization	YNL222W	ssu72-2	SSU72
Transcription & chromatin organization	YOL135C	med7-141	MED7
Transcription & chromatin organization	YPR168W	nut2-ts	NUT2
Transcription & chromatin organization	YMR112C	med11-ts	MED11
Transcription & chromatin organization	YGR274C	taf1-2	TAF1
Transcription & chromatin organization	YDR145W	taf12-l446a	TAF12
Transcription & chromatin organization	YBR253W	srb6-5001	SRB6
Transcription & chromatin organization	YDR145W	taf12-l464a	TAF12
Transcription & chromatin organization	YGL016W	kap122	KAP122
Transcription & chromatin organization	YGL043W	dst1	DST1
Transcription & chromatin organization	YLR005W	ssl1-5001	SSL1
Transcription & chromatin organization	YKR062W	tfa2-45	TFA2
Transcription & chromatin organization	YHR058C	med6-ts	MED6
Transcription & chromatin organization	YER139C	rtr1	RTR1
Transcription & chromatin organization	YJR017C	ess1-h164r	ESS1
Transcription & chromatin organization	YPL011C	taf3-5001	TAF3
Transcription & chromatin organization	YGR274C	taf1-1	TAF1
Transcription & chromatin organization	YNR010W	cse2	CSE2
Transcription & chromatin organization	YML114C	taf8-7	TAF8
Transcription & chromatin organization	YHR041C	srb2	SRB2
Transcription & chromatin organization	YLR005W	ssl1-t242i	SSL1
Transcription & chromatin organization	YGR005C	tfg2-5001	TFG2
Transcription & chromatin organization	YDL071C	ydl071c	YDL071C
Transcription & chromatin organization	YLR452C	sst2	SST2
Transcription & chromatin organization	YBR194W	aim4	AIM4
Mitosis & chromosome segregation	YHR036W	brl1-2221	BRL1
Mitosis & chromosome segregation	YLR347C	kap95-l63a	KAP95
Mitosis & chromosome segregation	YHR036W	brl1-c371r	BRL1
Mitosis & chromosome segregation	YLR045C	stu2-11	STU2
Mitosis & chromosome segregation	YGR140W	cbf2-42	CBF2
Mitosis & chromosome segregation	YPL174C	nip100	NIP100
Mitosis & chromosome segregation	YDR014W	rad61	RAD61
Mitosis & chromosome segregation	YOR269W	pac1	PAC1
Mitosis & chromosome segregation	YGR140W	cbf2-1	CBF2
Mitosis & chromosome segregation	YPL155C	kip2	KIP2
Mitosis & chromosome segregation	YOR195W	slk19	SLK19
Mitosis & chromosome segregation	YPL018W	ctf19	CTF19
Mitosis & chromosome segregation	YDR424C	dyn2	DYN2
Mitosis & chromosome segregation	YBL034C	stu1-12	STU1
Mitosis & chromosome segregation	YHR129C	arp1	ARP1
Mitosis & chromosome segregation	YDR113C	pds1-128	PDS1
Mitosis & chromosome segregation	YJL030W	mad2	MAD2
Mitosis & chromosome segregation	YDR150W	num1	NUM1
Mitosis & chromosome segregation	YMR198W	cik1	CIK1
Mitosis & chromosome segregation	YOR026W	bub3	BUB3
Mitosis & chromosome segregation	YGL086W	mad1	MAD1
Mitosis & chromosome segregation	YBR107C	iml3	IML3
Mitosis & chromosome segregation	YOR349W	cin1	CIN1
Mitosis & chromosome segregation	YLR045C	stu2-13	STU2
Mitosis & chromosome segregation	YPR046W	mcm16	MCM16
Mitosis & chromosome segregation	YML124C	tub3	TUB3
Mitosis & chromosome segregation	YCR065W	hcm1	HCM1
Mitosis & chromosome segregation	YMR168C	cep3-2	CEP3
Mitosis & chromosome segregation	YMR294W	jnm1	JNM1
Mitosis & chromosome segregation	YDL028C	mps1-3796	MPS1
Mitosis & chromosome segregation	YCL029C	bik1	BIK1
Mitosis & chromosome segregation	YDL028C	mps1-417	MPS1
Mitosis & chromosome segregation	YBL034C	stu1-8	STU1
Mitosis & chromosome segregation	YBL034C	stu1-6	STU1
Mitosis & chromosome segregation	YMR299C	dyn3	DYN3
Mitosis & chromosome segregation	YMR138W	cin4	CIN4
Mitosis & chromosome segregation	YLL049W	ldb18	LDB18
Mitosis & chromosome segregation	YDR254W	chl4	CHL4
Mitosis & chromosome segregation	YPL241C	cin2	CIN2
Mitosis & chromosome segregation	YMR076C	pds5-1	PDS5
Mitosis & chromosome segregation	YDR318W	mcm21	MCM21
Mitosis & chromosome segregation	YBL034C	stu1-5	STU1
Mitosis & chromosome segregation	YPL253C	vik1	VIK1
Mitosis & chromosome segregation	YDR488C	pac11	PAC11
Mitosis & chromosome segregation	YPR141C	kar3	KAR3
Mitosis & chromosome segregation	YJL013C	mad3	MAD3
Mitosis & chromosome segregation	YGL216W	kip3	KIP3
Mitosis & chromosome segregation	YLR045C	stu2-12	STU2
Mitosis & chromosome segregation	YPL017C	irc15	IRC15
Mitosis & chromosome segregation	YBR156C	sli15-3	SLI15
Mitosis & chromosome segregation	YKR054C	dyn1	DYN1
Mitosis & chromosome segregation	YLR381W	ctf3	CTF3
Mitosis & chromosome segregation	YGL217C	ygl217c	YGL217C
Mitosis & chromosome segregation	YDR149C	ydr149c	YDR149C
Mitosis & chromosome segregation	YHR191C	ctf8	CTF8
Mitosis & chromosome segregation	YDR180W	scc2-4	SCC2
Mitosis & chromosome segregation	YGR113W	dam1-19	DAM1
Mitosis & chromosome segregation	YJL074C	smc3-42	SMC3
Mitosis & chromosome segregation	YJR135C	mcm22	MCM22
Mitosis & chromosome segregation	YGR179C	okp1-5	OKP1
Mitosis & chromosome segregation	YCL016C	dcc1	DCC1
Mitosis & chromosome segregation	YIR010W	dsn1-8	DSN1
Mitosis & chromosome segregation	YIR010W	dsn1-7	DSN1
Mitosis & chromosome segregation	YDR325W	ycg1-2	YCG1
Mitosis & chromosome segregation	YMR117C	spc24-9	SPC24
Mitosis & chromosome segregation	YMR078C	ctf18	CTF18
Mitosis & chromosome segregation	YGL093W	spc105-4	SPC105
Mitosis & chromosome segregation	YGR113W	dam1-1	DAM1
Mitosis & chromosome segregation	YBR211C	ame1-4	AME1
Mitosis & chromosome segregation	YJL074C	smc3-1	SMC3
Mitosis & chromosome segregation	YPL233W	nsl1-5	NSL1
Mitosis & chromosome segregation	YPL209C	ipl1-2	IPL1
Mitosis & chromosome segregation	YDR201W	spc19-5001	SPC19
Mitosis & chromosome segregation	YER147C	scc4-5001	SCC4
Mitosis & chromosome segregation	YFL008W	smc1-259	SMC1
Mitosis & chromosome segregation	YFL008W	smc1-2	SMC1
Mitosis & chromosome segregation	YKL052C	ask1-3	ASK1
Mitosis & chromosome segregation	YGL093W	spc105-15	SPC105
Mitosis & chromosome segregation	YDL003W	mcd1-73	MCD1
Mitosis & chromosome segregation	YHR191C	ctf8-9	CTF8
Mitosis & chromosome segregation	YBL097W	brn1-9	BRN1
Mitosis & chromosome segregation	YPR135W	ctf4	CTF4
Mitosis & chromosome segregation	YAL034W-A	mtw1-ts	MTW1
Mitosis & chromosome segregation	YHR191C	ctf8-162	CTF8
Mitosis & chromosome segregation	YPL008W	chl1	CHL1
Mitosis & chromosome segregation	YFL009W	cdc4-3	CDC4
Mitosis & chromosome segregation	YBR160W	cdc28-13	CDC28
Mitosis & chromosome segregation	YBR160W	cdc28-4	CDC28
Mitosis & chromosome segregation	YDR052C	dbf4-4	DBF4
Mitosis & chromosome segregation	YBR094W	pby1	PBY1
Mitosis & chromosome segregation	YBR087W	rfc5-1	RFC5
Mitosis & chromosome segregation	YJR068W	rfc2-1	RFC2
Mitosis & chromosome segregation	YJL047C	rtt101	RTT101
Mitosis & chromosome segregation	YBR060C	orc2-3	ORC2
Mitosis & chromosome segregation	YMR190C	sgs1	SGS1
Mitosis & chromosome segregation	YJR043C	pol32	POL32
Mitosis & chromosome segregation	YHR118C	orc6-5001	ORC6
Mitosis & chromosome segregation	YJL194W	cdc6-1	CDC6
Mitosis & chromosome segregation	YMR048W	csm3	CSM3
Mitosis & chromosome segregation	YLL004W	orc3-70	ORC3
Mitosis & chromosome segregation	YPR162C	orc4-5001	ORC4
Mitosis & chromosome segregation	YIR008C	pri1-m4	PRI1
Mitosis & chromosome segregation	YLR320W	mms22	MMS22
Mitosis & chromosome segregation	YCL061C	mrc1	MRC1
Mitosis & chromosome segregation	YDL017W	cdc7-4	CDC7
Mitosis & chromosome segregation	YML065W	orc1-5001	ORC1
Mitosis & chromosome segregation	YBR060C	orc2-2	ORC2
Mitosis & chromosome segregation	YAR007C	rfa1-m2	RFA1
Mitosis & chromosome segregation	YDR369C	xrs2	XRS2
Mitosis & chromosome segregation	YLR274W	cdc46-1	MCM5
Mitosis & chromosome segregation	YBR100W	ybr100w	YBR100W
Mitosis & chromosome segregation	YCL060C	ycl060c	YCL060C
Mitosis & chromosome segregation	YBR099C	ybr099c	YBR099C
Mitosis & chromosome segregation	YOR024W	yor024w	YOR024W
Mitosis & chromosome segregation	YOR014W	rts1	RTS1
Mitosis & chromosome segregation	YJR140C	hir3	HIR3
Mitosis & chromosome segregation	YBR215W	hpc2	HPC2
Mitosis & chromosome segregation	YKL101W	hsl1	HSL1
Mitosis & chromosome segregation	YFR028C	cdc14-1	CDC14
Mitosis & chromosome segregation	YFR028C	cdc14-8	CDC14
Mitosis & chromosome segregation	YFR028C	cdc14-2	CDC14
Mitosis & chromosome segregation	YDR260C	swm1	SWM1
Mitosis & chromosome segregation	YLR102C	apc9	APC9
Mitosis & chromosome segregation	YGL116W	cdc20-3	CDC20
Mitosis & chromosome segregation	YKL022C	cdc16-1	CDC16
Mitosis & chromosome segregation	YGL116W	cdc20-2	CDC20
Mitosis & chromosome segregation	YOR249C	apc5-ca-paps	APC5
Mitosis & chromosome segregation	YPR119W	clb2	CLB2
Mitosis & chromosome segregation	YBL084C	cdc27-2	CDC27
Mitosis & chromosome segregation	YHR166C	cdc23-1	CDC23
Mitosis & chromosome segregation	YBL084C	cdc27-1	CDC27
Mitosis & chromosome segregation	YIR011C	sts1-5001	STS1
Mitosis & chromosome segregation	YGR113W	dam1-9	DAM1
Mitosis & chromosome segregation	YDR168W	cdc37-1	CDC37
Mitosis & chromosome segregation	YFL029C	cak1-23	CAK1
Mitosis & chromosome segregation	YBR135W	cks1-35	CKS1
Mitosis & chromosome segregation	YDR168W	cdc37-ts	CDC37
Mitosis & chromosome segregation	YBR135W	cks1-38	CKS1
Mitosis & chromosome segregation	YFL034C-B	mob2-28	MOB2
Mitosis & chromosome segregation	YFL034C-B	mob2-24	MOB2
Mitosis & chromosome segregation	YFL034C-B	mob2-38	MOB2
Mitosis & chromosome segregation	YFL034C-B	mob2-19	MOB2
Mitosis & chromosome segregation	YFL034C-B	mob2-22	MOB2
Mitosis & chromosome segregation	YFL034C-B	mob2-40	MOB2
Mitosis & chromosome segregation	YFL034C-B	mob2-8	MOB2
Mitosis & chromosome segregation	YFL034C-B	mob2-14	MOB2
Mitosis & chromosome segregation	YFL034C-B	mob2-36	MOB2
Mitosis & chromosome segregation	YGR092W	dbf2	DBF2
Mitosis & chromosome segregation	YMR168C	cep3-1	CEP3
Mitosis & chromosome segregation	YMR055C	bub2	BUB2
Mitosis & chromosome segregation	YGR188C	bub1	BUB1
Mitosis & chromosome segregation	YHR152W	spo12	SPO12
Mitosis & chromosome segregation	YAL024C	lte1	LTE1
Mitosis & chromosome segregation	YFR046C	cnn1	CNN1
Mitosis & chromosome segregation	YLR045C	stu2-10	STU2
Mitosis & chromosome segregation	YEL061C	cin8	CIN8
Mitosis & chromosome segregation	YOR265W	rbl2	RBL2
Mitosis & chromosome segregation	YER016W	bim1	BIM1
Mitosis & chromosome segregation	YFL037W	tub2-430	TUB2
Mitosis & chromosome segregation	YCR086W	csm1	CSM1
Mitosis & chromosome segregation	YDR439W	lrs4	LRS4
Mitosis & chromosome segregation	YFR027W	eco1-1	ECO1
Mitosis & chromosome segregation	YDL008W	apc11-13	APC11
Mitosis & chromosome segregation	YGL116W	cdc20-1	CDC20
Mitosis & chromosome segregation	YPL233W	nsl1-6	NSL1
Mitosis & chromosome segregation	YML064C	tem1-3	TEM1
Mitosis & chromosome segregation	YGR113W	dam1-11	DAM1
Mitosis & chromosome segregation	YER018C	spc25-1	SPC25
Mitosis & chromosome segregation	YJR112W	nnf1-48	NNF1
Mitosis & chromosome segregation	YDL003W	mcd1-5001	MCD1
Mitosis & chromosome segregation	YGL061C	duo1-2	DUO1
Mitosis & chromosome segregation	YJR112W	nnf1-17	NNF1
Mitosis & chromosome segregation	YLR272C	ycs4-1	YCS4
Mitosis & chromosome segregation	YHR172W	spc97-5001	SPC97
Mitosis & chromosome segregation	YMR117C	spc24-10	SPC24
Mitosis & chromosome segregation	YER133W	glc7-12	GLC7
Mitosis & chromosome segregation	YIL144W	tid3-1	NDC80
Mitosis & chromosome segregation	YBL058W	shp1	SHP1
Mitosis & chromosome segregation	YDR356W	spc110-220	SPC110
Mitosis & chromosome segregation	YDR016C	dad1-5005	DAD1
Mitosis & chromosome segregation	YER147C	scc4-4	SCC4
Mitosis & chromosome segregation	YGL003C	cdh1	CDH1
Mitosis & chromosome segregation	YIL106W	mob1-5001	MOB1
Mitosis & chromosome segregation	YMR094W	ctf13-30	CTF13
Mitosis & chromosome segregation	YOL069W	nuf2-61	NUF2
Mitosis & chromosome segregation	YOL069W	nuf2-5001	NUF2
Mitosis & chromosome segregation	YJR112W	nnf1-77	NNF1
Mitosis & chromosome segregation	YKL053W	ykl053w	YKL053W
Mitosis & chromosome segregation	YHR164C	dna2-2	DNA2
Mitosis & chromosome segregation	YBR202W	cdc47-ts	MCM7
Mitosis & chromosome segregation	YOR144C	elg1	ELG1
Mitosis & chromosome segregation	YBR136W	mec1-4ts	MEC1
Mitosis & chromosome segregation	YJL092W	srs2	SRS2
Mitosis & chromosome segregation	YNL273W	tof1	TOF1
Mitosis & chromosome segregation	YGL091C	nbp35-5001	NBP35
Mitosis & chromosome segregation	YOR038C	hir2	HIR2
Mitosis & chromosome segregation	YER120W	scs2	SCS2
Mitosis & chromosome segregation	YOL097C	wrs1-5003	WRS1
Mitosis & chromosome segregation	YER148W	spt15-i143n	SPT15
rDNA & ncDNA processing	YDR064W	rps13-5001	RPS13
rDNA & ncDNA processing	YMR229C	rrp5-delta6	RRP5
rDNA & ncDNA processing	YDR339C	fcf1-5001	FCF1
rDNA & ncDNA processing	YDL208W	nhp2-5001	NHP2
rDNA & ncDNA processing	YGR034W	rpl26b	RPL26B
rDNA & ncDNA processing	YDR496C	puf6	PUF6
rDNA & ncDNA processing	YMR049C	erb1-5001	ERB1
rDNA & ncDNA processing	YHR066W	ssf1	SSF1
rDNA & ncDNA processing	YLR276C	dbp9-5001	DBP9
rDNA & ncDNA processing	YNR038W	dbp6-5001	DBP6
rDNA & ncDNA processing	YBR142W	mak5-5001	MAK5
rDNA & ncDNA processing	YHR088W	rpf1-5001	RPF1
rDNA & ncDNA processing	YPL211W	nip7-1	NIP7
rDNA & ncDNA processing	YDR060W	mak21-1	MAK21
rDNA & ncDNA processing	YAL025C	mak16-5001	MAK16
rDNA & ncDNA processing	YNL061W	nop2-3	NOP2
rDNA & ncDNA processing	YGR103W	nop7-1	NOP7
rDNA & ncDNA processing	YKL021C	mak11-2	MAK11
rDNA & ncDNA processing	YNL061W	nop2-9	NOP2
rDNA & ncDNA processing	YNL061W	nop2-5	NOP2
rDNA & ncDNA processing	YGL078C	dbp3	DBP3
rDNA & ncDNA processing	YLR002C	noc3-5001	NOC3
rDNA & ncDNA processing	YNL061W	nop2-6	NOP2
rDNA & ncDNA processing	YMR269W	tma23	TMA23
rDNA & ncDNA processing	YKL021C	mak11-5001	MAK11
rDNA & ncDNA processing	YDL111C	rrp42-5001	RRP42
rDNA & ncDNA processing	YJL050W	mtr4-1	MTR4
rDNA & ncDNA processing	YOR341W	rpa190-g728d	RPA190
rDNA & ncDNA processing	YHR196W	utp9-5001	UTP9
rDNA & ncDNA processing	YLR397C	afg2-18	AFG2
rDNA & ncDNA processing	YKR092C	srp40	SRP40
rDNA & ncDNA processing	YNR053C	nog2-1	NOG2
rDNA & ncDNA processing	YNL002C	rlp7-5001	RLP7
rDNA & ncDNA processing	YLL011W	sof1-5001	SOF1
rDNA & ncDNA processing	YHR088W	rpf1-1	RPF1
rDNA & ncDNA processing	YLR003C	cms1	CMS1
rDNA & ncDNA processing	YLL008W	drs1-5002	DRS1
rDNA & ncDNA processing	YKL082C	rrp14-5003	RRP14
rDNA & ncDNA processing	YCL059C	krr1-18	KRR1
rDNA & ncDNA processing	YKL082C	rrp14-5010	RRP14
rDNA & ncDNA processing	YDR087C	rrp1-1	RRP1
rDNA & ncDNA processing	YOR056C	nob1-5001	NOB1
rDNA & ncDNA processing	YDR083W	rrp8	RRP8
rDNA & ncDNA processing	YLR197W	nop56-5001	NOP56
rDNA & ncDNA processing	YCL059C	krr1-17	KRR1
rDNA & ncDNA processing	YDL148C	nop14-5001	NOP14
rDNA & ncDNA processing	YDL213C	nop6	NOP6
rDNA & ncDNA processing	YPR137W	rrp9-5001	RRP9
rDNA & ncDNA processing	YLR129W	dip2-5001	DIP2
rDNA & ncDNA processing	YMR093W	utp15-5001	UTP15
rDNA & ncDNA processing	YHR040W	bcd1-5001	BCD1
rDNA & ncDNA processing	YLR186W	emg1-5001	EMG1
rDNA & ncDNA processing	YDL014W	nop1-2	NOP1
rDNA & ncDNA processing	YEL026W	snu13-5001	SNU13
rDNA & ncDNA processing	YDR299W	bfr2-5001	BFR2
rDNA & ncDNA processing	YLR196W	pwp1-5001	PWP1
rDNA & ncDNA processing	YDR449C	utp6-5001	UTP6
rDNA & ncDNA processing	YER082C	utp7-5003	UTP7
rDNA & ncDNA processing	YHR069C	rrp4-1	RRP4
rDNA & ncDNA processing	YIL127C	rrt14	RRT14
rDNA & ncDNA processing	YLR068W	fyv7	FYV7
rDNA & ncDNA processing	YNL282W	pop3-5001	POP3
rDNA & ncDNA processing	YPL266W	dim1-2	DIM1
rDNA & ncDNA processing	YER127W	lcp5-5007	LCP5
rDNA & ncDNA processing	YER127W	lcp5-5005	LCP5
rDNA & ncDNA processing	YOR078W	bud21	BUD21
rDNA & ncDNA processing	YER082C	utp7-5004	UTP7
rDNA & ncDNA processing	YPL043W	nop4-3	NOP4
rDNA & ncDNA processing	YHR197W	rix1-5001	RIX1
rDNA & ncDNA processing	YOL080C	rex4	REX4
rDNA & ncDNA processing	YLR222C	utp13-5001	UTP13
rDNA & ncDNA processing	YOL077C	brx1-5001	BRX1
rDNA & ncDNA processing	YOL041C	nop12	NOP12
rDNA & ncDNA processing	YHR085W	ipi1-5001	IPI1
rDNA & ncDNA processing	YNL061W	nop2-10	NOP2
rDNA & ncDNA processing	YPR143W	rrp15-5007	RRP15
rDNA & ncDNA processing	YDL060W	tsr1-3	TSR1
rDNA & ncDNA processing	YOL079W	yol079w	YOL079W
rDNA & ncDNA processing	YOR235W	irc13	IRC13
rDNA & ncDNA processing	YOR309C	yor309c	YOR309C
rDNA & ncDNA processing	YMR309C	nip1-5007	NIP1
rDNA & ncDNA processing	YPR016C	tif6-ts1	TIF6
rDNA & ncDNA processing	YOR294W	rrs1-84	RRS1
rDNA & ncDNA processing	YOL144W	nop8-5001	NOP8
rDNA & ncDNA processing	YDL031W	dbp10-5004	DBP10
rDNA & ncDNA processing	YOR272W	ytm1-1	YTM1
rDNA & ncDNA processing	YLL008W	drs1-5001	DRS1
rDNA & ncDNA processing	YNL232W	csl4-5001	CSL4
rDNA & ncDNA processing	YHR081W	lrp1	LRP1
rDNA & ncDNA processing	YDR478W	snm1-5001	SNM1
Respiration, oxidative phosphorylation, mitochondrial targeting	YDR512C	emi1	EMI1
Respiration, oxidative phosphorylation, mitochondrial targeting	YNR045W	pet494	PET494
Respiration, oxidative phosphorylation, mitochondrial targeting	YDR316W	oms1	OMS1
Respiration, oxidative phosphorylation, mitochondrial targeting	YMR035W	imp2	IMP2
Respiration, oxidative phosphorylation, mitochondrial targeting	YNR018W	rcf2	RCF2
Respiration, oxidative phosphorylation, mitochondrial targeting	YLR395C	cox8	COX8
Respiration, oxidative phosphorylation, mitochondrial targeting	YKL137W	cmc1	CMC1
Respiration, oxidative phosphorylation, mitochondrial targeting	YER154W	oxa1	OXA1
Respiration, oxidative phosphorylation, mitochondrial targeting	YGR257C	mtm1	MTM1
Respiration, oxidative phosphorylation, mitochondrial targeting	YNL169C	psd1	PSD1
Respiration, oxidative phosphorylation, mitochondrial targeting	YBR179C	fzo1	FZO1
Respiration, oxidative phosphorylation, mitochondrial targeting	YMR066W	sov1	SOV1
Respiration, oxidative phosphorylation, mitochondrial targeting	YBR163W	exo5	EXO5
Respiration, oxidative phosphorylation, mitochondrial targeting	YJR144W	mgm101	MGM101
Respiration, oxidative phosphorylation, mitochondrial targeting	YMR072W	abf2	ABF2
Respiration, oxidative phosphorylation, mitochondrial targeting	YNL315C	atp11	ATP11
Respiration, oxidative phosphorylation, mitochondrial targeting	YKL016C	atp7	ATP7
Respiration, oxidative phosphorylation, mitochondrial targeting	YLR295C	atp14	ATP14
Respiration, oxidative phosphorylation, mitochondrial targeting	YJL180C	atp12	ATP12
Respiration, oxidative phosphorylation, mitochondrial targeting	YLR393W	atp10	ATP10
Respiration, oxidative phosphorylation, mitochondrial targeting	YIL098C	fmc1	FMC1
Respiration, oxidative phosphorylation, mitochondrial targeting	YNR020C	atp23	ATP23
Respiration, oxidative phosphorylation, mitochondrial targeting	YDR298C	atp5	ATP5
Respiration, oxidative phosphorylation, mitochondrial targeting	YDR350C	atp22	ATP22
Respiration, oxidative phosphorylation, mitochondrial targeting	YPL103C	fmp30	FMP30
Respiration, oxidative phosphorylation, mitochondrial targeting	YMR098C	atp25	ATP25
Respiration, oxidative phosphorylation, mitochondrial targeting	YML081C-A	atp18	ATP18
Respiration, oxidative phosphorylation, mitochondrial targeting	YJR121W	atp2	ATP2
Respiration, oxidative phosphorylation, mitochondrial targeting	YKR016W	mic60	MIC60
Respiration, oxidative phosphorylation, mitochondrial targeting	YDL142C	crd1	CRD1
Respiration, oxidative phosphorylation, mitochondrial targeting	YER017C	afg3	AFG3
Respiration, oxidative phosphorylation, mitochondrial targeting	YGR132C	phb1	PHB1
Respiration, oxidative phosphorylation, mitochondrial targeting	YMR150C	imp1	IMP1
Respiration, oxidative phosphorylation, mitochondrial targeting	YLL027W	isa1	ISA1
Respiration, oxidative phosphorylation, mitochondrial targeting	YDR375C	bcs1	BCS1
Respiration, oxidative phosphorylation, mitochondrial targeting	YLR008C	pam18-1	PAM18
Respiration, oxidative phosphorylation, mitochondrial targeting	YEL059C-A	som1	SOM1
Respiration, oxidative phosphorylation, mitochondrial targeting	YDR204W	coq4	COQ4
Respiration, oxidative phosphorylation, mitochondrial targeting	YPL132W	cox11	COX11
Respiration, oxidative phosphorylation, mitochondrial targeting	YOR065W	cyt1	CYT1
Respiration, oxidative phosphorylation, mitochondrial targeting	YGL119W	coq8	COQ8
Respiration, oxidative phosphorylation, mitochondrial targeting	YAL039C	cyc3	CYC3
Respiration, oxidative phosphorylation, mitochondrial targeting	YKL109W	hap4	HAP4
Respiration, oxidative phosphorylation, mitochondrial targeting	YGR255C	coq6	COQ6
Respiration, oxidative phosphorylation, mitochondrial targeting	YMR097C	mtg1-supp1	MTG1
Respiration, oxidative phosphorylation, mitochondrial targeting	YBL021C	hap3	HAP3
Respiration, oxidative phosphorylation, mitochondrial targeting	YGR183C	qcr9	QCR9
Respiration, oxidative phosphorylation, mitochondrial targeting	YLL018C-A	cox19	COX19
Respiration, oxidative phosphorylation, mitochondrial targeting	YLL009C	cox17	COX17
Respiration, oxidative phosphorylation, mitochondrial targeting	YDR231C	cox20	COX20
Respiration, oxidative phosphorylation, mitochondrial targeting	YER058W	pet117	PET117
Respiration, oxidative phosphorylation, mitochondrial targeting	YBR003W	coq1	COQ1
Respiration, oxidative phosphorylation, mitochondrial targeting	YGL237C	hap2	HAP2
Respiration, oxidative phosphorylation, mitochondrial targeting	YDR529C	qcr7	QCR7
Respiration, oxidative phosphorylation, mitochondrial targeting	YHR116W	cox23	COX23
Respiration, oxidative phosphorylation, mitochondrial targeting	YBR037C	sco1	SCO1
Respiration, oxidative phosphorylation, mitochondrial targeting	YBL059C-A	cmc2	CMC2
Respiration, oxidative phosphorylation, mitochondrial targeting	YNR041C	coq2	COQ2
Respiration, oxidative phosphorylation, mitochondrial targeting	YEL024W	rip1	RIP1
Respiration, oxidative phosphorylation, mitochondrial targeting	YML110C	coq5	COQ5
Respiration, oxidative phosphorylation, mitochondrial targeting	YGL191W	cox13	COX13
Respiration, oxidative phosphorylation, mitochondrial targeting	YJR048W	cyc1	CYC1
Respiration, oxidative phosphorylation, mitochondrial targeting	YOL008W	coq10	COQ10
Respiration, oxidative phosphorylation, mitochondrial targeting	YLR290C	ylr290c	COQ11
Respiration, oxidative phosphorylation, mitochondrial targeting	YPL189C-A	coa2	COA2
Respiration, oxidative phosphorylation, mitochondrial targeting	YLR201C	coq9	COQ9
Respiration, oxidative phosphorylation, mitochondrial targeting	YPR191W	qcr2	QCR2
Respiration, oxidative phosphorylation, mitochondrial targeting	YML129C	cox14	COX14
Respiration, oxidative phosphorylation, mitochondrial targeting	YIL157C	coa1	COA1
Respiration, oxidative phosphorylation, mitochondrial targeting	YJR034W	pet191	PET191
Respiration, oxidative phosphorylation, mitochondrial targeting	YKL087C	cyt2	CYT2
Respiration, oxidative phosphorylation, mitochondrial targeting	YPL172C	cox10	COX10
Respiration, oxidative phosphorylation, mitochondrial targeting	YLR038C	cox12	COX12
Respiration, oxidative phosphorylation, mitochondrial targeting	YLR218C	coa4	COA4
Respiration, oxidative phosphorylation, mitochondrial targeting	YJL166W	qcr8	QCR8
Respiration, oxidative phosphorylation, mitochondrial targeting	YMR256C	cox7	COX7
Respiration, oxidative phosphorylation, mitochondrial targeting	YOR125C	cat5	CAT5
Respiration, oxidative phosphorylation, mitochondrial targeting	YOR358W	hap5	HAP5
Respiration, oxidative phosphorylation, mitochondrial targeting	YNL003C	pet8	PET8
Respiration, oxidative phosphorylation, mitochondrial targeting	YJL062W-A	coa3	COA3
Respiration, oxidative phosphorylation, mitochondrial targeting	YDL067C	cox9	COX9
Respiration, oxidative phosphorylation, mitochondrial targeting	YJL003W	cox16	COX16
Respiration, oxidative phosphorylation, mitochondrial targeting	YGL187C	cox4	COX4
Respiration, oxidative phosphorylation, mitochondrial targeting	YDR079W	pet100	PET100
Respiration, oxidative phosphorylation, mitochondrial targeting	YGR062C	cox18	COX18
Respiration, oxidative phosphorylation, mitochondrial targeting	YLR203C	mss51	MSS51
Respiration, oxidative phosphorylation, mitochondrial targeting	YMR287C	dss1	DSS1
Respiration, oxidative phosphorylation, mitochondrial targeting	YDL069C	cbs1	CBS1
Respiration, oxidative phosphorylation, mitochondrial targeting	YJL209W	cbp1	CBP1
Respiration, oxidative phosphorylation, mitochondrial targeting	YOR350C	mne1	MNE1
Respiration, oxidative phosphorylation, mitochondrial targeting	YOR201C	mrm1	MRM1
Respiration, oxidative phosphorylation, mitochondrial targeting	YKL208W	cbt1	CBT1
Respiration, oxidative phosphorylation, mitochondrial targeting	YDL107W	mss2	MSS2
Respiration, oxidative phosphorylation, mitochondrial targeting	YDR194C	mss116	MSS116
Respiration, oxidative phosphorylation, mitochondrial targeting	YHL038C	cbp2	CBP2
Respiration, oxidative phosphorylation, mitochondrial targeting	YGL236C	mto1	MTO1
Respiration, oxidative phosphorylation, mitochondrial targeting	YBR120C	cbp6-supp1	CBP6
Respiration, oxidative phosphorylation, mitochondrial targeting	YKL167C	mrp49	MRP49
Respiration, oxidative phosphorylation, mitochondrial targeting	YCR071C	img2	IMG2
Respiration, oxidative phosphorylation, mitochondrial targeting	YCR046C	img1	IMG1
Respiration, oxidative phosphorylation, mitochondrial targeting	YER153C	pet122	PET122
Respiration, oxidative phosphorylation, mitochondrial targeting	YJR113C	rsm7	RSM7
Respiration, oxidative phosphorylation, mitochondrial targeting	YHR075C	ppe1	PPE1
Respiration, oxidative phosphorylation, mitochondrial targeting	YGR222W	pet54	PET54
Respiration, oxidative phosphorylation, mitochondrial targeting	YMR023C	mss1	MSS1
Respiration, oxidative phosphorylation, mitochondrial targeting	YPL097W	msy1	MSY1
Respiration, oxidative phosphorylation, mitochondrial targeting	YPL118W	mrp51	MRP51
Respiration, oxidative phosphorylation, mitochondrial targeting	YBR268W	mrpl37	MRPL37
Respiration, oxidative phosphorylation, mitochondrial targeting	YMR282C	aep2	AEP2
Respiration, oxidative phosphorylation, mitochondrial targeting	YDR462W	mrpl28	MRPL28
Respiration, oxidative phosphorylation, mitochondrial targeting	YIR021W	mrs1	MRS1
Respiration, oxidative phosphorylation, mitochondrial targeting	YJL131C	aim23	AIM23
Respiration, oxidative phosphorylation, mitochondrial targeting	YKR085C	mrpl20	MRPL20
Respiration, oxidative phosphorylation, mitochondrial targeting	YMR064W	aep1	AEP1
Respiration, oxidative phosphorylation, mitochondrial targeting	YEL050C	rml2	RML2
Respiration, oxidative phosphorylation, mitochondrial targeting	YDR405W	mrp20	MRP20
Respiration, oxidative phosphorylation, mitochondrial targeting	YGR264C	mes1-1	MES1
Respiration, oxidative phosphorylation, mitochondrial targeting	YDR337W	mrps28	MRPS28
Respiration, oxidative phosphorylation, mitochondrial targeting	YBR146W	mrps9	MRPS9
Respiration, oxidative phosphorylation, mitochondrial targeting	YKL155C	rsm22	RSM22
Respiration, oxidative phosphorylation, mitochondrial targeting	YNL185C	mrpl19	MRPL19
Respiration, oxidative phosphorylation, mitochondrial targeting	YHR189W	pth1	PTH1
Respiration, oxidative phosphorylation, mitochondrial targeting	YPL005W	aep3	AEP3
Respiration, oxidative phosphorylation, mitochondrial targeting	YHR038W	rrf1	RRF1
Respiration, oxidative phosphorylation, mitochondrial targeting	YBL080C	pet112	PET112
Respiration, oxidative phosphorylation, mitochondrial targeting	YOL023W	ifm1	IFM1
Respiration, oxidative phosphorylation, mitochondrial targeting	YMR257C	pet111	PET111
Respiration, oxidative phosphorylation, mitochondrial targeting	YPR047W	msf1	MSF1
Respiration, oxidative phosphorylation, mitochondrial targeting	YDR257C	rkm4	RKM4
Respiration, oxidative phosphorylation, mitochondrial targeting	YDR012W	rpl4b	RPL4B
Respiration, oxidative phosphorylation, mitochondrial targeting	YIL073C	spo22	SPO22
Respiration, oxidative phosphorylation, mitochondrial targeting	YPL183W-A	rtc6	RTC6
Respiration, oxidative phosphorylation, mitochondrial targeting	YDR065W	rrg1	RRG1
Respiration, oxidative phosphorylation, mitochondrial targeting	YGL235W	ygl235w	YGL235W
Respiration, oxidative phosphorylation, mitochondrial targeting	YER077C	yer077c	MRX1
Respiration, oxidative phosphorylation, mitochondrial targeting	YKL107W	ykl107w	YKL107W
Respiration, oxidative phosphorylation, mitochondrial targeting	YIL047C	syg1	SYG1
Respiration, oxidative phosphorylation, mitochondrial targeting	YJL133C-A	yjl133c-a	YJL133C-A
